Titulo,Precio,Año,Kilometraje,Ubicacion,Vendedor,Link,Imagen
Pulidora 4 -1/2 650w 12000rpm Black + Decker G650-b3 110,170.850,,,,,https://www.mercadolibre.com.co/pulidora-4-12-650w-12000rpm-black-decker-g650-b3-110/p/MCO25676259#polycard_client=search-nordic&search_layout=grid&position=1&type=product&tracking_id=c52d716f-67f7-47a0-b8d3-42415dceb3dd&wid=MCO2182108542&sid=search,https://http2.mlstatic.com/D_Q_NP_2X_924314-MLA84554047560_052025-E.webp
Pulidora Rotatoria Total 900W Modelo UTG109125565,206.900,,,,Por Belltec,https://www.mercadolibre.com.co/pulidora-rotatoria-total-900w-modelo-utg109125565/p/MCO24691192#polycard_client=search-nordic&search_layout=grid&position=2&type=product&tracking_id=c52d716f-67f7-47a0-b8d3-42415dceb3dd&wid=MCO2414743882&sid=search,
Pulidora 4-1/2 Industrial Total 1100w Utg110125563 Color Turquesa,176.370,,,,,https://www.mercadolibre.com.co/pulidora-4-12-industrial-total-1100w-utg110125563-color-turquesa/p/MCO41659648#polycard_client=search-nordic&search_layout=grid&position=3&type=product&tracking_id=c52d716f-67f7-47a0-b8d3-42415dceb3dd&wid=MCO2858727330&sid=search,
Pulidora 4-1/2 Industrial Total 1100w Utg110125563 Color Turquesa,176.370,,,,,https://click1.mercadolibre.com.co/mclics/clicks/external/MCO/count?a=eYSXtzA5FpkzDmcp7YewAeIdjDvMmEgAQkC0049jyafqBwIDQfCJPjx0TVM4ZmCtsl%2B9mq4nvTJTzkTXHhTM6jnRElUeSvItOxcK8EsGfUnLD9AwLnlrp0uVI2nX1%2Fuiwys2e6psWcOUWPzyPPcQOrEJOD%2FI3aOAlQK3JgnnCYXiI4x5xZZ9%2FUjEP37mBMwpHT3yhA0ht1LiR4JrgV5EBHqazO7eQmC%2BgUsJsjHqn85ENNA3Qy0yvYu26ibvBIHYNONhrfQUPMtqGo20lz3gVRi6mByqpL0gwO7YDNG3e1ILvv2Ovb50hiwuIFCYvSWDqb7dGXAuTXMLkMBkm6V0SOuPq5LZjGB2bORJYr%2BayQzBTiou2%2B3lFiDyHAaTkzlZNCLcjQ3Uc0Px6kCaJNSIXH7d4x2snBr%2FbjlHlunKcZAaUetNaz3YHnGqqWt1tQj%2BYfFU56WSpqMrSZiNLoQMCEJNCdU3i5CWMXF5dxYiYjzPqpBbU8EGW9qZVv%2FfhE007MMa68FBJhsgE1Y3aY6k%2FCw%2BmsD7fvJ2CsDWGZBHVOonCrZaTLj57UBxYKVdZzn7QeOhffloE%2BWUtxoIyC7Q%2F6FANeU7yQBKaO5ne8fsK9%2FWY6%2Fb1%2F9gyXx%2Fq%2FvsMO%2FzDdMqybAUfPKeYGnLVQr0eGl3Hh%2BHBKpYMHmo8DA%2FlqHqjAKJzrGu8bFaQ0yFDVkf%2B%2F2HthtMXDdRKoBh7Drq%2Fgfmdogd1gF8UkkzX%2FumklvrDEptU0%2FqU%2FBImRymISCrIul6OmcdGockKLFL2Pzo%2FhybRV0zKHaQVy7oHaahuuEzxfr9oh4x4edxwEEHPFapbMBMmX70Cj7YeY4kVRzl9Rdx5QHETqjpdaEFgfGVs25EgaqAR1rQ6RQlaQHuYiC5uUEvupVcNHdKnQ3jxKE3jbk5VA1Jh66g9vaAtMdNn4Fj1zwX7fGgz1j9rux4rb97vemGiA%3D%3D#polycard_client=search-nordic&is_advertising=true&searchVariation=MCO41659648&backend_model=search-backend&search_layout=grid&position=4&type=pad&tracking_id=c52d716f-67f7-47a0-b8d3-42415dceb3dd&wid=MCO2858727330&sid=search,
Pulidora De 7 2200w Stanley Sl227-b3,388.100,,,,Por Ferretería Luis Penagos,https://click1.mercadolibre.com.co/mclics/clicks/external/MCO/count?a=4bv5FtNFTzYK2N7kD2xe2MmFK9cRq3pEGka4AOblOOmuMBCRnjwcj3k5Up07Esqsg9FceX4bON4m4dVZdzbkjVcfgl2QvG2Sa0ifQFqUpWgb2sSq%2BGJ%2Bo70VOuGaFKh1YbmZaXJyOJtaIx8CpwV%2BGmpwA0O%2FvsXaYkwH3qnvaoUyahZniAtsDmlmCwTmI29FbWZL0Jft3uFridTwH4bPOy3Y56i7Z%2FSyXImHSIDBBHKE06Vf%2FQnCQHpLDmormYDSeOFq3S0I1ZpYeQEZk7I3W2DqVlu99frYEAvqCWCiwvNAMzs6BJeW7HQfZQBjWe3uhj1Ad9fJvEK41HU%2BtkT9VtBCb%2BFCtaxbVlmMYx16S2asgZN3Y1QS7UTNR7C%2BnBqMxLahMI0ucwfKdvJO1rUzuHQL50BeF3kIaEFGHad%2F2viz2IciVYRWWuZmRD4HKMOpeEPSTW1ABQT0%2FQyFLZoiHj1eo07%2FThNn8oC%2Fur%2BaEfTLCf0QPouckLs9n9mU59DfRuPMffE8%2BMP0TIvPiAtgiUdkAEZMlwq%2Fz6ydC0LD7HpCOApS5a1DJ5cJRg4TfK5r2c9W7EwBuXAXfIartBMDhZlgVsfSUJxNvkRhceE5LN4v9pEgyPkWMSqanZRN%2FLNRa5oQLwE8KdqCLuCe5Qur9iIFmc4va2lF9dKrWJec07o60a0wqnzN%2BHa8MzH2LFI9vAeWKpCtYgeQEdBQipcg57Mv3ni1kf4tHx6GKQZpu%2Fxs0Tyqtk%2B0rVNPzZNF8QMHKrp6%2Br7cdNriuETN1BHbz7p%2BRmkeCNSwQHGCfjQbjguA17N9i%2BhUP3nq8pFkeRxhIK6IRjQZsYAbrtMUgnoMvdBY7zLyuJh7m3AhZG2%2Fl5qUXD%2F550l3FH9mZGRCY6IZBc%2FHHhi2FGPhDk%2FDsU5wz2BfvHKHzQ%3D%3D#polycard_client=search-nordic&is_advertising=true&searchVariation=MCO25754519&backend_model=search-backend&search_layout=grid&position=5&type=pad&tracking_id=c52d716f-67f7-47a0-b8d3-42415dceb3dd&wid=MCO2906354182&sid=search,https://http2.mlstatic.com/D_Q_NP_2X_769375-MLA88627376812_072025-E.webp
Pulidora Bosch Vulcano 180mm Gws 2200-180,755.141,,,,,https://click1.mercadolibre.com.co/mclics/clicks/external/MCO/count?a=3r1wZvz95DgMBoE3iT6GVXjKPoY%2Bq4pzVBJL5%2BENup%2FQ7gKiMaXtQxPmEABgzy2rIKmDJiiYwYFVCWaijqqEbMHRxGs%2BFvtGeXtwCE7qKTcK3Z8hFNmkEu2AIQDTkpkAhSYvdppxaczglLxX4MVGIOVXO5mJZ2TVvuHso%2BFVrCKoDu9xH%2FXilid1eG3D1CsNiKkF5OxrXJ87dbKdsh528ssLgtsgZd8VvG9bM4IJlr6zz%2BhSjwR1B6fizTXlp0B77FBoCVox%2FR0mo3Io7R0OwcMMwODmPtvtHn7Hr3MX78yAqY%2BqJTzx03Z%2FUGtxN4YyHpw%2F%2FY9242O0TIwkDm74%2BBKSWe8aicVjEAdSDd7YVRK0HVqCZshjl8z841Ae8F%2Fr0z22htnuYBDVHUvG%2FClFNbf3JbkhtQ2rZJPIkeksUZazVNWFVl9cdDjLWs0jdmyn%2B%2F7Ru3ZQnVqzvqKXG5mgxWi8tOwLnMSHLLKs4paFm4qFfNWIdbD%2FV2rH3RZypV%2BiocuYy%2BDOwhoH3ih5vx5B4BojbLs%2FtHvV1oEHjW%2F61XcvC%2Bnrzw3H7Ac0sud%2BbMBn7GMqqATUSH%2F%2BRTLU0tcHG1mA%2B5SuZQ9UJJf0N3GOYdkudZmlYugPqYUq2pM4DC5NP%2BH0dI9%2BegFXxWOLXcFhOE91NXHDdWK0%2Fe4soro5fquqTnU5bKgFsopbxmMPSY4Q6Mnhcd2KbEX%2FcnBBeCh3aU8jKupBbyckmDbADjJF%2BRtBHmHL%2Bzk3x%2FUcGMkkZn3JGZFPugaYqnGr5X9TBUMryWKx0LbI%2F%2F2W7pnVtvRuiZKHJ8IoU%2B%2Fej%2FltawL2l8MI%2BQWKmvGb8fz90lB%2FP1%2B1vhJ7ifj3024UOKHCKSTMxpT%2FEQWxt1IKXyPGVadAh58A0p%2FyDXDFtrfYEp8Py2As48EYMm%2FEn0UJOAbE#polycard_client=search-nordic&is_advertising=true&searchVariation=MCO26432668&backend_model=search-backend&search_layout=grid&position=6&type=pad&tracking_id=c52d716f-67f7-47a0-b8d3-42415dceb3dd&wid=MCO1568364453&sid=search,https://http2.mlstatic.com/D_Q_NP_2X_634485-MLA84558634400_052025-E.webp
Pulidora 4 1/2 Industrial Total UTG10711556 750w Super Select,174.770,,,,Por Ferretería Luis Penagos,https://www.mercadolibre.com.co/pulidora-4-12-industrial-total-utg10711556-750w-super-select/p/MCO27308945#polycard_client=search-nordic&search_layout=grid&position=7&type=product&tracking_id=c52d716f-67f7-47a0-b8d3-42415dceb3dd&wid=MCO1510660839&sid=search,https://http2.mlstatic.com/D_Q_NP_2X_652663-MLA84537985542_052025-E.webp
Pulidora Industrial 4-1/2 PuLG Dewalt Dwe4212-b3,663.708,,,,,https://www.mercadolibre.com.co/pulidora-industrial-4-12-pulg-dewalt-dwe4212-b3/p/MCO21754444#polycard_client=search-nordic&search_layout=grid&position=8&type=product&tracking_id=c52d716f-67f7-47a0-b8d3-42415dceb3dd&wid=MCO1329193957&sid=search,https://http2.mlstatic.com/D_Q_NP_2X_853581-MCO41600415054_042020-E.webp
Pulidora De 4 ½ 820 W G720 Black Decker,183.500,,,,Por Belltec,https://articulo.mercadolibre.com.co/MCO-508802939-pulidora-de-4-820-w-g720-black-decker-_JM?searchVariation=174495410583#polycard_client=search-nordic&searchVariation=174495410583&search_layout=grid&position=9&type=item&tracking_id=c52d716f-67f7-47a0-b8d3-42415dceb3dd,https://http2.mlstatic.com/D_Q_NP_2X_683032-MCO88863857308_082025-E.webp
Pulidora 4 1/2 Profesional 900w Stanley (stgs9115-b3),272.420,,,,Por Casa Ferretera,https://www.mercadolibre.com.co/pulidora-4-12-profesional-900w-stanley-stgs9115-b3/p/MCO26065047#polycard_client=search-nordic&search_layout=grid&position=10&type=product&tracking_id=c52d716f-67f7-47a0-b8d3-42415dceb3dd&wid=MCO2832792836&sid=search,https://http2.mlstatic.com/D_Q_NP_2X_776679-MLU75006847792_032024-E.webp
Polichadora T Liviano Black & Decker Wp900,275.500,,,,Por Belltec,https://www.mercadolibre.com.co/polichadora-t-liviano-black-decker-wp900/p/MCO22880047#polycard_client=search-nordic&search_layout=grid&position=11&type=product&tracking_id=c52d716f-67f7-47a0-b8d3-42415dceb3dd&wid=MCO1352617173&sid=search,https://http2.mlstatic.com/D_Q_NP_2X_684602-MLA84542933414_052025-E.webp
Mini Pulidora Dewalt Ultradelgada 4-1/2 750w Dwe750-b3,356.900,,,,Por Belltec,https://articulo.mercadolibre.com.co/MCO-1497404265-mini-pulidora-dewalt-ultradelgada-4-12-750w-dwe750-b3-_JM#polycard_client=search-nordic&search_layout=grid&position=12&type=item&tracking_id=c52d716f-67f7-47a0-b8d3-42415dceb3dd&wid=MCO1497404265&sid=search,https://http2.mlstatic.com/D_Q_NP_2X_793120-MCO79973691858_102024-E.webp
Pulidora Angular De 4 1/2 Bosch Gws 850 850w,390.310,,,,,https://click1.mercadolibre.com.co/mclics/clicks/external/MCO/count?a=5eXcrtSTkWK1nIY1X4nlz%2FBDcaG8VsRxEq0pZS4w%2FBucV5IfZXhHDMHDpotko%2B25ZKl%2BluXUKpfJmLygWeljRdHWZ79dnR6HOrHQ4OnIkQaNWRiglHXNmQPvay6XVhvGgT4BbWSvrtKcgy8%2B1zxSZh4mUHNeUgu0dQt50UrW8S7PsZevZmcEk49LWP9vfFtr0sFOH06opXK8%2FJpzIhaQxtk%2BAMesGlICLubsLUe%2Bx8sUyTp6Gv0rlQhNr7QZ7J4oBZhcCpw8%2Bg%2BJjSKnzVncLE2hnd%2B0e6OD0blK8ljckjmjJUOZNPVcEdPrS15q7X2UmYi2aCBhBBS8n5tkVigwQt5VAPoJppSsAAZiOyI00tVYMeXc%2BYgvxA%2FkzbAJYT1uxesE8yL0MtIxrPAH8m3e3gF1jVgKo0ib5qWdmKhRhOwlH99IEyb3Nlu4a5%2Fk1EmxoJuKYdNWJK6%2FWREssjlsU08ll48icetk9eZeeGVuVW97qMQLX4gHgXggdrA%2F3nrkZWr9Rluid5kz1BxnSEBCHF2lq4naTOfU5lcBGrpbhhCmRcu%2BbOdXfrbLt2wxTxG4hnxpjVJNtapbf30e%2BS5D1%2Fe6X1kX5h06gPn71yXXoodlqufRYp6rkk8G7n4jndV5PBN2xmCYsNR014selFVUGvWOU83VqdQzfZeYTQIeutN10LqrTUJ4yIPOW6zgFry9psqO%2BFMAy6Pq6%2BHGG%2BH2EfXkkoyazsrmNOpXj473RzSIXfk9Xhe5XDS31%2F5b5wDa4B%2BlbAH5ZQzd%2B%2BJW3XqBMHEJcJ4pVmKMmqcugwcze0MrEHC%2FHfTDdmnyvOuVHXanuhkRoxotoMvJa5xdwrDTf1IXIl%2F5r9lhgE1RKACB01tPdOnzrUCCMpJXaqZ1oyv1imRJ%2Fke0yt3fyb6FDdVYeue%2FII0rGySwan3SeLRXD4c%3D#polycard_client=search-nordic&is_advertising=true&searchVariation=MCO25816357&backend_model=search-backend&search_layout=grid&position=13&type=pad&tracking_id=c52d716f-67f7-47a0-b8d3-42415dceb3dd&wid=MCO1568351245&sid=search,https://http2.mlstatic.com/D_Q_NP_2X_912260-MLU70862132354_082023-E.webp
Pulidora Industrial 4-1/2 PuLG Dewalt Dwe4212-b3,663.708,,,,,https://click1.mercadolibre.com.co/mclics/clicks/external/MCO/count?a=M4h7cMPLt9ClsHbts5mS8pBLwHLhcufO4%2F1njuCQguoKFHxXxjblnEKM612TlIgmtv5qv78WpEIM2LchFtLMAa9WpwWyGV9tfQmx6GFcYqSV6c4Igvy3jQZlXn7aFtsb8aYgwNoQl8NjnfuyKOCbbGIKFh%2BaskZCEDElQXcIocjb3PnZK8qVMZNea%2BkUWQPCFDRCXVPm9rXQjtvI99YnNKCnyI%2Bj6iXuxp1FR%2Bz9tuA33hPn%2BtMXsxUGXBfPeRJdlCU1y5H9G5Zfy6DfbVsGRWBc0oLe6P5meCGPiS1ERXV8gi5WubN8hyeYMZHFNXt8ajmRCkmy%2B1x0R2k3TYrwXKpTKeXrXS%2BGEVZRKKbHd%2BjfiHNb1lchxFp%2FSapTdWNR%2BLafrELdNxA2t2IUEV2VoBE9VTcOzK3ZaI5AwFUvQHB6KJIF%2BSDuyYjC%2FeEds%2Fz87mOjALMFJzMCTtLswPzsUgW6CExRgN32pn0kIlGns0%2BxY5gKgm5j%2BCRou04gZDCrfJ1%2BCXkgZ4C%2BLoyVH9mubqYWpLOoT%2FtSEoBuLrtyR3WUzXMB11e%2FqbpvBEW6XnwhwLwANYgvi82WRYl9XWX8mKmBwg6ipSLWa25CJXsHF%2FFjeVX6mRzzjaf4UMJ1QrkblzZxeRxHItz6Kq7oOjvbmb8GzdKasv0faKGZDUp6zsOjO8nPX%2FSA1PA402wHZC5bzV7QxqblgZiDRhDolvRgojPKwkZm%2Bb0M1JDGIHWjPwFO0usKKtugLuDywC5rsjqbSMICOkaykdQgqyLnSxi2GUeEaVo2KqGIlsl%2BA2GgwYweJOS5X8ZBJIXlyeO0eosGl1yKobNbzMd2L82yw%2BHxofy1%2BrJsII4QYq8bunYc2P1tBd1pLirnMzjq6HqAGReo7aqZt9l6%2B5uGQznolpNxx8DCcoxE%2F3AtS%2BEb4r%2BSf9I3WrOo#polycard_client=search-nordic&is_advertising=true&searchVariation=MCO21754444&backend_model=search-backend&search_layout=grid&position=14&type=pad&tracking_id=c52d716f-67f7-47a0-b8d3-42415dceb3dd&wid=MCO1329193957&sid=search,https://http2.mlstatic.com/D_Q_NP_2X_853581-MCO41600415054_042020-E.webp
Pulidora Rotatoria Total 900W Modelo UTG109125565,181.000,,,,,https://click1.mercadolibre.com.co/mclics/clicks/external/MCO/count?a=W0cCK7s%2BDomdJfGuLMmv8PAhfEwPs0do0Eg46r2ogYzhb3qUmSXpry3SnTL17FmwAdD9dL6XXn64%2Fzw%2B7%2BObi8ViPd9OxrbtHDSR6ligC%2Fx1rGcVyvxrZb9O2S95uPD6lCtuKlmau8TiL3MHP880wuKz1axqanNc2l76OQl%2Bs529xFalSl0dAG0c5WvJoXIAkkDEZ0oa7jV6NnTHrOGtW72dX2xnUDwjFnHs9FTmHJnoy48NtFvcMAgmjDGOFK%2BX3pMVkb5MZ8nB%2BkpEwAqoWVpNMHPBiKgLQ86JexflntySAfgP4Kyk7kI%2Bsx2WTwpKYstdWIeVozzb6U4WJcuD%2B%2BUdv1%2BXqFrcsGHEP60eLifY5xX7mhDegYeB6YnKo99CKxEkr1hbGeyFwNWpJz8%2Bz%2BQ9HuYwXEdTyfutV9UC4Yryusi4VDjAcBwvrzwbGx%2FPK4UHG4kLpSHwBOwT4qHarlEl3dwA5iZGSITdL50LDsoZ9Atc9VzGS2rlUSAUOpvIS22%2BTzXD5HvaIGNMJ1W0PtnZ1oJgmDrYHKp%2Fq5HtyHgBFqVLycgzK1pGH506Wh2pZ6VZZUPHFG%2B381pDLPAJoeDA%2F5yRDEegLyFZzicp26WYk%2BMhpcQb4vGLCthlDOMbIO5wDL21Q6I6aAMFMD9zR9H2EOI1hM9NXGZ5lAhMJjbQmaWR9u24NWVWdQL%2FsesanzqeAfKJJuGFz2TmtdJcAIVrCdp5yuA0VYFZL8OhzZzVJotxpzNBKAoEZqLxhSQb4ucDFgsnW51nl2sJ6NlGEX4e%2BTr7hgnojVnHC259VvrT3FxoVdS82oD%2FwMJO3bec%2F7lf%2B409QjXIr3KVGag%2BjBPMQEWSktV%2FL8cK6DUXi%2F1ATosnhDOiyVYZRpHNoOuGqKrIDrWjNl2xeIrkBC8xb44tvMwlMZA7njKKqjIH7zY1pcZ9Bg%3D%3D#polycard_client=search-nordic&is_advertising=true&searchVariation=MCO24691192&backend_model=search-backend&search_layout=grid&position=15&type=pad&tracking_id=c52d716f-67f7-47a0-b8d3-42415dceb3dd&wid=MCO2951128754&sid=search,https://http2.mlstatic.com/D_Q_NP_2X_904136-MLA84848698443_052025-E.webp
Pulidora Angular 4 1/2  540w Makita Mt Verde M0901b,256.500,,,,Por Belltec,https://articulo.mercadolibre.com.co/MCO-1307941469-pulidora-angular-4-12-540w-makita-mt-verde-m0901b-_JM#polycard_client=search-nordic&search_layout=grid&position=16&type=item&tracking_id=c52d716f-67f7-47a0-b8d3-42415dceb3dd&wid=MCO1307941469&sid=search,https://http2.mlstatic.com/D_Q_NP_2X_970830-MCO70092393050_062023-E.webp
Pulidora 4 1/2'' 850w 11000 Rpm Makita M9510b,274.500,,,,Por Belltec,https://articulo.mercadolibre.com.co/MCO-803370052-pulidora-4-12-850w-11000-rpm-makita-m9510b-_JM?searchVariation=180282351837#polycard_client=search-nordic&searchVariation=180282351837&search_layout=grid&position=17&type=item&tracking_id=c52d716f-67f7-47a0-b8d3-42415dceb3dd,https://http2.mlstatic.com/D_Q_NP_2X_706549-MCO88810676234_082025-E.webp
Polichadora 1400w Industrial Incluye 4 Accesorios Total Utp1,368.900,,,,Por Belltec,https://articulo.mercadolibre.com.co/MCO-2826355202-polichadora-1400w-industrial-incluye-4-accesorios-total-utp1-_JM#polycard_client=search-nordic&search_layout=grid&position=18&type=item&tracking_id=c52d716f-67f7-47a0-b8d3-42415dceb3dd&wid=MCO2826355202&sid=search,https://http2.mlstatic.com/D_Q_NP_2X_957033-MCO89534894910_082025-E.webp
Minipulidora 4.1/2 PuLG Makita 840 Watts 11000 Rpm 9557hp,406.900,,,,Por Belltec,https://articulo.mercadolibre.com.co/MCO-491564085-minipulidora-412-pulg-makita-840-watts-11000-rpm-9557hp-_JM#polycard_client=search-nordic&search_layout=grid&position=19&type=item&tracking_id=c52d716f-67f7-47a0-b8d3-42415dceb3dd&wid=MCO491564085&sid=search,https://http2.mlstatic.com/D_Q_NP_2X_919934-MCO78736072969_082024-E.webp
Pulidora Angular De 4 1/2 Bosch Gws 850 850w,390.310,,,,,https://www.mercadolibre.com.co/pulidora-angular-de-4-12-bosch-gws-850-850w/p/MCO25816357#polycard_client=search-nordic&search_layout=grid&position=20&type=product&tracking_id=c52d716f-67f7-47a0-b8d3-42415dceb3dd&wid=MCO1568351245&sid=search,https://http2.mlstatic.com/D_Q_NP_2X_912260-MLU70862132354_082023-E.webp
Pulidora De 7 2200w Stanley Sl227-b3,388.100,,,,Por Ferretería Luis Penagos,https://www.mercadolibre.com.co/pulidora-de-7-2200w-stanley-sl227-b3/p/MCO25754519#polycard_client=search-nordic&search_layout=grid&position=21&type=product&tracking_id=c52d716f-67f7-47a0-b8d3-42415dceb3dd&wid=MCO2906354182&sid=search,https://http2.mlstatic.com/D_Q_NP_2X_769375-MLA88627376812_072025-E.webp
Pulidora 9 Pulgadas Industrial Ga9020,794.900,,,,Por Belltec,https://articulo.mercadolibre.com.co/MCO-450714523-pulidora-9-pulgadas-industrial-ga9020-_JM#polycard_client=search-nordic&search_layout=grid&position=22&type=item&tracking_id=c52d716f-67f7-47a0-b8d3-42415dceb3dd&wid=MCO450714523&sid=search,https://http2.mlstatic.com/D_Q_NP_2X_686818-MCO48249016740_112021-E.webp
Pulidora 4 1/2  1050w Stanley Sgs1045k-b3,359.800,,,,Por Belltec,https://articulo.mercadolibre.com.co/MCO-606431255-pulidora-4-12-1050w-stanley-sgs1045k-b3-_JM#polycard_client=search-nordic&search_layout=grid&position=23&type=item&tracking_id=c52d716f-67f7-47a0-b8d3-42415dceb3dd&wid=MCO606431255&sid=search,https://http2.mlstatic.com/D_Q_NP_2X_840397-MCO48250348594_112021-E.webp
Esmeril De Banco 6 PuLG 1/2 Hp Dewalt Dw752-b3,861.800,,,,Por Belltec,https://articulo.mercadolibre.com.co/MCO-450715082-esmeril-de-banco-6-pulg-12-hp-dewalt-dw752-b3-_JM#polycard_client=search-nordic&search_layout=grid&position=24&type=item&tracking_id=c52d716f-67f7-47a0-b8d3-42415dceb3dd&wid=MCO450715082&sid=search,https://http2.mlstatic.com/D_Q_NP_2X_889641-MCO48248603670_112021-E.webp
Pulidora Stanley 9 2200 6500rpm,550.000,,,,,https://www.mercadolibre.com.co/pulidora-stanley-9-2200-6500rpm/p/MCO27715496#polycard_client=search-nordic&search_layout=grid&position=25&type=product&tracking_id=c52d716f-67f7-47a0-b8d3-42415dceb3dd&wid=MCO2650545972&sid=search,https://http2.mlstatic.com/D_Q_NP_2X_985694-MLU72226963207_102023-E.webp
Pulidora 9 Bosch Professional Gws 28-230,1.495.000,,,,Por Ferricentro,https://www.mercadolibre.com.co/pulidora-9-bosch-professional-gws-28-230/p/MCO22738369#polycard_client=search-nordic&search_layout=grid&position=26&type=product&tracking_id=c52d716f-67f7-47a0-b8d3-42415dceb3dd&wid=MCO2775914044&sid=search,https://http2.mlstatic.com/D_Q_NP_2X_851440-MLA84847233883_052025-E.webp
Pulidora Industrial 9 2600w Dewalt Dwe496-b3,1.432.800,,,,Por Belltec,https://www.mercadolibre.com.co/pulidora-industrial-9-2600w-dewalt-dwe496-b3/p/MCO35093408#polycard_client=search-nordic&search_layout=grid&position=27&type=product&tracking_id=c52d716f-67f7-47a0-b8d3-42415dceb3dd&wid=MCO1410229455&sid=search,https://http2.mlstatic.com/D_Q_NP_2X_922290-MLU78310617181_082024-E.webp
Pulidora Angular De 4-1/2 115mm 620w Slim Stanley Sg6115-b3,189.800,,,,Por Belltec,https://articulo.mercadolibre.com.co/MCO-859654651-pulidora-angular-de-4-12-115mm-620w-slim-stanley-sg6115-b3-_JM#polycard_client=search-nordic&search_layout=grid&position=28&type=item&tracking_id=c52d716f-67f7-47a0-b8d3-42415dceb3dd&wid=MCO859654651&sid=search,https://http2.mlstatic.com/D_Q_NP_2X_943488-MCO49101278564_022022-E.webp
Minipulidora 4 - 1/2 PuLG Dewalt Dwe4315-b3,797.800,,,,Por Belltec,https://articulo.mercadolibre.com.co/MCO-517777592-minipulidora-4-12-pulg-dewalt-dwe4315-b3-_JM#polycard_client=search-nordic&search_layout=grid&position=29&type=item&tracking_id=c52d716f-67f7-47a0-b8d3-42415dceb3dd&wid=MCO517777592&sid=search,https://http2.mlstatic.com/D_Q_NP_2X_703517-MCO48249218161_112021-E.webp
Pulidora Gatillo Hombre Muerto Bosch Gws 9-125p,550.700,,,,Por Belltec,https://www.mercadolibre.com.co/pulidora-gatillo-hombre-muerto-bosch-gws-9-125p/p/MCO26432656#polycard_client=search-nordic&search_layout=grid&position=30&type=product&tracking_id=c52d716f-67f7-47a0-b8d3-42415dceb3dd&wid=MCO1330709017&sid=search,https://http2.mlstatic.com/D_Q_NP_2X_683537-MLA84834860555_052025-E.webp
Pulidora 9 2400 W 6500 Rpm Dewalt Dwe4559-b3,1.273.500,,,,Por ferreteria rhino,https://www.mercadolibre.com.co/pulidora-9-2400-w-6500-rpm-dewalt-dwe4559-b3/p/MCO25676260#polycard_client=search-nordic&search_layout=grid&position=31&type=product&tracking_id=c52d716f-67f7-47a0-b8d3-42415dceb3dd&wid=MCO1557547647&sid=search,https://http2.mlstatic.com/D_Q_NP_2X_768787-MLU73563684466_122023-E.webp
Pulidora Angular De Granito/marmol Makita Pk5011c,2.093.400,,,,Por Belltec,https://www.mercadolibre.com.co/pulidora-angular-de-granitomarmol-makita-pk5011c/p/MCO27035402#polycard_client=search-nordic&search_layout=grid&position=32&type=product&tracking_id=c52d716f-67f7-47a0-b8d3-42415dceb3dd&wid=MCO1339416011&sid=search,https://http2.mlstatic.com/D_Q_NP_2X_720173-MLU75650627538_042024-E.webp
Pulidora Bosch Vulcano 180mm 2500w Gws 25-180,1.310.000,,,,Por Ferricentro,https://www.mercadolibre.com.co/pulidora-bosch-vulcano-180mm-2500w-gws-25-180/p/MCO26432666#polycard_client=search-nordic&search_layout=grid&position=33&type=product&tracking_id=c52d716f-67f7-47a0-b8d3-42415dceb3dd&wid=MCO2762093858&sid=search,https://http2.mlstatic.com/D_Q_NP_2X_794183-MLA84846744087_052025-E.webp
Amoladora De Matriz Inal. Vv 1-1/2 Sin Bateria/sin Cargador,1.137.900,,,,Por Belltec,https://www.mercadolibre.com.co/amoladora-de-matriz-inal-vv-1-12-sin-bateriasin-cargador/p/MCO45524820#polycard_client=search-nordic&search_layout=grid&position=34&type=product&tracking_id=c52d716f-67f7-47a0-b8d3-42415dceb3dd&wid=MCO2809929450&sid=search,https://http2.mlstatic.com/D_Q_NP_2X_922221-MLA81980291651_012025-E.webp
Pulidora Bosch Vulcano 180mm Gws 2200-180,755.141,,,,,https://www.mercadolibre.com.co/pulidora-bosch-vulcano-180mm-gws-2200-180/p/MCO26432668#polycard_client=search-nordic&search_layout=grid&position=35&type=product&tracking_id=c52d716f-67f7-47a0-b8d3-42415dceb3dd&wid=MCO1568364453&sid=search,https://http2.mlstatic.com/D_Q_NP_2X_634485-MLA84558634400_052025-E.webp
Pulidora Angular 9 PuLG Dewalt Dwe490-b3,946.800,,,,Por Belltec,https://articulo.mercadolibre.com.co/MCO-471534701-pulidora-angular-9-pulg-dewalt-dwe490-b3-_JM#polycard_client=search-nordic&search_layout=grid&position=36&type=item&tracking_id=c52d716f-67f7-47a0-b8d3-42415dceb3dd&wid=MCO471534701&sid=search,https://http2.mlstatic.com/D_Q_NP_2X_600548-MCO48249205107_112021-E.webp
Pulidora Bosch Vulcano 180mm 2800w Gws 28-180,1.501.900,,,,Por Belltec,https://articulo.mercadolibre.com.co/MCO-1033115764-pulidora-bosch-vulcano-180mm-2800w-gws-28-180-_JM#polycard_client=search-nordic&search_layout=grid&position=37&type=item&tracking_id=c52d716f-67f7-47a0-b8d3-42415dceb3dd&wid=MCO1033115764&sid=search,https://http2.mlstatic.com/D_Q_NP_2X_655169-MCO69820338177_062023-E.webp
Pulidora Angular 4-1/2 PuLG Makita 9564p,642.400,,,,Por Belltec,https://articulo.mercadolibre.com.co/MCO-531193094-pulidora-angular-4-12-pulg-makita-9564p-_JM#polycard_client=search-nordic&search_layout=grid&position=38&type=item&tracking_id=c52d716f-67f7-47a0-b8d3-42415dceb3dd&wid=MCO531193094&sid=search,https://http2.mlstatic.com/D_Q_NP_2X_638231-MCO54717790238_032023-E.webp
Polichadora De 5 PuLG 900w 700rpm Makita Po5000cx2,1.613.900,,,,Por Belltec,https://www.mercadolibre.com.co/polichadora-de-5-pulg-900w-700rpm-makita-po5000cx2/p/MCO22802490#polycard_client=search-nordic&search_layout=grid&position=39&type=product&tracking_id=c52d716f-67f7-47a0-b8d3-42415dceb3dd&wid=MCO1431778903&sid=search,https://http2.mlstatic.com/D_Q_NP_2X_865864-MLA84846513189_052025-E.webp
Pulidora 7  2200 W - 8500 Rpm Dewalt Dwe491-b3,925.800,,,,Por Belltec,https://articulo.mercadolibre.com.co/MCO-471534697-pulidora-7-2200-w-8500-rpm-dewalt-dwe491-b3-_JM#polycard_client=search-nordic&search_layout=grid&position=40&type=item&tracking_id=c52d716f-67f7-47a0-b8d3-42415dceb3dd&wid=MCO471534697&sid=search,https://http2.mlstatic.com/D_Q_NP_2X_641858-MCO76993338495_062024-E.webp
Pulidora Bosch De 4-1/2 900w Velocidad Variable Gws 9-125s,828.900,,,,Por Belltec,https://articulo.mercadolibre.com.co/MCO-1518295337-pulidora-bosch-de-4-12-900w-velocidad-variable-gws-9-125s-_JM#polycard_client=search-nordic&search_layout=grid&position=41&type=item&tracking_id=c52d716f-67f7-47a0-b8d3-42415dceb3dd&wid=MCO1518295337&sid=search,https://http2.mlstatic.com/D_Q_NP_2X_736077-MCO81095053320_122024-E.webp
Pulidora Inalambrica Stanley 4 1/2 2 Bat De 4ah Scg400m2k-b3,1.069.800,,,,Por Belltec,https://articulo.mercadolibre.com.co/MCO-2604076766-pulidora-inalambrica-stanley-4-12-2-bat-de-4ah-scg400m2k-b3-_JM#polycard_client=search-nordic&search_layout=grid&position=42&type=item&tracking_id=c52d716f-67f7-47a0-b8d3-42415dceb3dd&wid=MCO2604076766&sid=search,https://http2.mlstatic.com/D_Q_NP_2X_904034-MCO78070233436_082024-E.webp
Minipulidora 4.1/2 PuLG Makita 840 Watts 11000 Rpm 9557hn,439.200,,,,Por Belltec,https://articulo.mercadolibre.com.co/MCO-491291079-minipulidora-412-pulg-makita-840-watts-11000-rpm-9557hn-_JM#polycard_client=search-nordic&search_layout=grid&position=43&type=item&tracking_id=c52d716f-67f7-47a0-b8d3-42415dceb3dd&wid=MCO491291079&sid=search,https://http2.mlstatic.com/D_Q_NP_2X_942868-MCO48257557041_112021-E.webp
Pulidora Industrial 9 PuLG Dewalt Dwe4579-b3,1.382.800,,,,Por Belltec,https://articulo.mercadolibre.com.co/MCO-471534708-pulidora-industrial-9-pulg-dewalt-dwe4579-b3-_JM#polycard_client=search-nordic&search_layout=grid&position=44&type=item&tracking_id=c52d716f-67f7-47a0-b8d3-42415dceb3dd&wid=MCO471534708&sid=search,https://http2.mlstatic.com/D_Q_NP_2X_697610-MCO48764948573_012022-E.webp
Esmeril De Banco 8 PuLG 3/4 Hp Dewalt Dw758,1.659.800,,,,Por Belltec,https://articulo.mercadolibre.com.co/MCO-450714003-esmeril-de-banco-8-pulg-34-hp-dewalt-dw758-_JM#polycard_client=search-nordic&search_layout=grid&position=45&type=item&tracking_id=c52d716f-67f7-47a0-b8d3-42415dceb3dd&wid=MCO450714003&sid=search,https://http2.mlstatic.com/D_Q_NP_2X_714948-MCO48248603505_112021-E.webp
Pulidora 4-1/2 1700w Dewalt Dwe4324-b3,1.297.800,,,,Por Belltec,https://articulo.mercadolibre.com.co/MCO-578205195-pulidora-4-12-1700w-dewalt-dwe4324-b3-_JM#polycard_client=search-nordic&search_layout=grid&position=46&type=item&tracking_id=c52d716f-67f7-47a0-b8d3-42415dceb3dd&wid=MCO578205195&sid=search,https://http2.mlstatic.com/D_Q_NP_2X_920769-MCO48250175107_112021-E.webp
Pulidora Bosch Vulcano 230mm Gws 2200-230,856.600,,,,Por Belltec,https://articulo.mercadolibre.com.co/MCO-1033113550-pulidora-bosch-vulcano-230mm-gws-2200-230-_JM#polycard_client=search-nordic&search_layout=grid&position=47&type=item&tracking_id=c52d716f-67f7-47a0-b8d3-42415dceb3dd&wid=MCO1033113550&sid=search,https://http2.mlstatic.com/D_Q_NP_2X_700711-MCO69820337867_062023-E.webp
Rebordeadora 6mm 1/4 PuLG 530w Makita Mt M3700b,335.000,,,,Por Belltec,https://www.mercadolibre.com.co/rebordeadora-6mm-14-pulg-530w-makita-mt-m3700b/p/MCO22190041#polycard_client=search-nordic&search_layout=grid&position=48&type=product&tracking_id=c52d716f-67f7-47a0-b8d3-42415dceb3dd&wid=MCO1369563598&sid=search,https://http2.mlstatic.com/D_Q_NP_2X_671143-MLA79463082965_092024-E.webp
Taladro percutor atornillador inalámbrico de 13mm DeWalt Dcd7781d1-Br + accesorio,519.800,,,,Por Belltec,https://www.mercadolibre.com.co/taladro-percutor-atornillador-inalambrico-de-13mm-dewalt-dcd7781d1-br-accesorio/p/MCO44735443#polycard_client=search-nordic&search_layout=grid&position=49&type=product&tracking_id=c52d716f-67f7-47a0-b8d3-42415dceb3dd&wid=MCO1555628339&sid=search,https://http2.mlstatic.com/D_Q_NP_2X_795862-MLA88069349761_072025-E.webp
Sierra De Mesa/banco Bosch Gts 254 1800w + Disco 0601b450g0,1.249.900,,,,Por Belltec,https://www.mercadolibre.com.co/sierra-de-mesabanco-bosch-gts-254-1800w-disco-0601b450g0/p/MCO26604666#polycard_client=search-nordic&search_layout=grid&position=50&type=product&tracking_id=c52d716f-67f7-47a0-b8d3-42415dceb3dd&wid=MCO1346486901&sid=search,https://http2.mlstatic.com/D_Q_NP_2X_664638-MLA84543638534_052025-E.webp
Lijadora Orbital Black & Decker Bs200-b3 Color Naranja,160.400,,,,Por Belltec,https://www.mercadolibre.com.co/lijadora-orbital-black-decker-bs200-b3-color-naranja/p/MCO24524709#polycard_client=search-nordic&search_layout=grid&position=51&type=product&tracking_id=c52d716f-67f7-47a0-b8d3-42415dceb3dd&wid=MCO1318278971&sid=search,https://http2.mlstatic.com/D_Q_NP_2X_653842-MLA84547561956_052025-E.webp
Sierra Circular 1400w + Disco Black & Decker Cs1004-b3,374.400,,,,Por Belltec,https://www.mercadolibre.com.co/sierra-circular-1400w-disco-black-decker-cs1004-b3/p/MCO19733608#polycard_client=search-nordic&search_layout=grid&position=52&type=product&tracking_id=c52d716f-67f7-47a0-b8d3-42415dceb3dd&wid=MCO1116368680&sid=search,https://http2.mlstatic.com/D_Q_NP_2X_874319-MLA88847382985_072025-E.webp
Compresor Mini 140psi Total Para Carro (ttac1406) Color Turquesa,129.900,,,,Por Belltec,https://www.mercadolibre.com.co/compresor-mini-140psi-total-para-carro-ttac1406-color-turquesa/p/MCO15263523#polycard_client=search-nordic&search_layout=grid&position=53&type=product&tracking_id=c52d716f-67f7-47a0-b8d3-42415dceb3dd&wid=MCO1560981537&sid=search,https://http2.mlstatic.com/D_Q_NP_2X_773632-MLA84858126265_052025-E.webp
Esmeril De Banco Electrico 6 150w Total Utbg15015,195.900,,,,Por Belltec,https://www.mercadolibre.com.co/esmeril-de-banco-electrico-6-150w-total-utbg15015/p/MCO34719972#polycard_client=search-nordic&search_layout=grid&position=54&type=product&tracking_id=c52d716f-67f7-47a0-b8d3-42415dceb3dd&wid=MCO1408024785&sid=search,https://http2.mlstatic.com/D_Q_NP_2X_924878-MLA85960541363_062025-E.webp
Taladro 3/8'' 650w Dewalt Dwd014 Color Amarillo Frecuencia 60 HZ,542.508,,,,Por Casa Ferretera,https://click1.mercadolibre.com.co/mclics/clicks/external/MCO/count?a=qFyTatbfy1fHXuSl%2Biu8IwXxQHnBXDPsHC2YkPExUJV53Ggck9m%2Fh%2FNw4VHDsVfWtfX8mI1n7WyaN1RD2KoSkBXslt2CiJP84hvzbau4aEwxvKOedxP6ct1gxcSfMT%2BC6Bl7vflNJ%2BbI%2FUIZmE4Cjy28AQHa0LpKqIL1EBJsx48hmCXG0BU8YfnKzLsn5VQ69jwbkCaruzobfgUPMpWxjHTmnLOrEyQDD3JWp3xPLM0EeM9e4IgYzsLeyo96wl8zrCVhn142uc3YRah4HR%2BOFWfBYf2zYARsLR7S0C%2Fg2xX4NZjX3FTaDkT8U21RzohFBSSqBsiRQBBGg5gdipXGZkykgwlqlQ4Btgc0bNlDiHeVOppYLFJ6Wm1OYBMkqxpxnZi0Q9EeoGEZ4KiPFCyi8EpTzgtok6U%2FOtTi30X1xZ8Os3T2VkwvXCiehx8bksJuSW0ma2q124xLVd0tG4gpKBDA%2FqV%2BGLeXt7XqW9qqkJ%2FITjxVdOdCpoE1LiF1lMzZDXDx6bf3lnKbLg1DFLc%2F0MZXcqwD%2BqkyH2WwNwfhO6q400WMbJv87eT45RaC59mFuZHmfWeI%2BFB1UCE0Wf503aXJ41%2B6YsPODoHmfpYVIfTji1CdduD7aFM9H3UcplCBd5oDLIBQFfhRcM%2BGdX7T6aCmutcyDFKCVivTj%2Fj21e8e3mow4vxXXCw70AdNOs37neo6Bg3HwbRDc2apwZv3i68VHs3Tn1xZrj6qeNfaix%2FEupMgfGgmMM4wWYbZEQZZjhhrlCWErbBe8ctQhnSpDN3bZShtIx8aXvZu2SivsoPdCugaDfjf%2BxoFF%2BdLPOwQb%2F38Za8FeQWEhd7o7jx6%2BU2m9RxOCk4xxqfj%2F%2BHZnbhAX2euWGFGwW2qrG%2FDsuFdTQCf4tpV1LGJwW8TzKorXS7H2JZQ6gogEJh%2F9ZeqzY1mvIRevtsohZGzvc5XEPVktPQ%3D#polycard_client=search-nordic&is_advertising=true&searchVariation=MCO22211049&backend_model=search-backend&search_layout=grid&position=55&type=pad&tracking_id=c52d716f-67f7-47a0-b8d3-42415dceb3dd&wid=MCO1274315513&sid=search,https://http2.mlstatic.com/D_Q_NP_2X_954177-MLA84536496242_052025-E.webp
Taladro percutor atornillador inalámbrico de 13mm DeWalt Dcd7781d1-Br + accesorio,519.800,,,,Por Belltec,https://click1.mercadolibre.com.co/mclics/clicks/external/MCO/count?a=K1AsUOW7k3gg5LlKYaqCgptJTiMDSpitGHbfmMnc74yDoS%2FN1sVppfnuTQlDJL8uUDZVa6cCF5kS9oi0Nl86ybmWVjuuQETdsD%2FKQBK8Ih0i51xYKpkBq7DZl0P0beTTrQOlBXTHKlFbUyH2O%2FKT8xijuWG9VOrUbfMkgDk7L5S5g6uiATMd0ORfvswSFRmROugSF1rSz7pbw8ujMV1nHIN06xPlWhJCD3bifyJR7EE%2FRjtboB2N0ongU5qBozGUaGPPVjOFhz2TB8LpyQl3E6sc%2BMVz9OdPtFlCe7puTHxGR4vt%2FK3w8q0HnAJ66wMJKV1uTfYckP%2BeSGKHtqGrxYdH6kgHTGlO6YywMULrzSpHKqfJ3y2P5kfIVvy%2Fjfe4zMfX9gwe2xYnYF2oQMHRx1nbGVVgpUSlLLE56%2BrNmLZdEAWgm8y4KdGqF%2FqwneQvRZKkrrR5ndqYBB0uoUqZWqEYdrufnkQGmtZSQgeQtbub0Pj0xhWfDmn1XsKJoOPWnZztXAPYGBbgfiG5TrkI4RpK%2BSHhIRUNEa9mfsgKOiLLBOKXALYHC9PyI0eadggFxPMZE7Giq%2BWTham0%2F0uZF%2B5r7YHWYcv7UmOHLFluUrkKhORu4Z6vSmRb4ZxTG45O547p%2BZWtoSXETv0qE1bDbvzOMoxTmZ4EOFsoqBnSRVtxOAoLajT8nuTsQsBjp6dC8UEvcYddk22TRpaXaRam2KhyVOhq76RyngJvrbBeLPp5pqhZ7tm04ZsOPU%2FmtH5TQBOAthxjGZh1i1hpwek%2FpMMxBQPAbJHp%2B%2B6lVbqXC6NlnG0TBrK1Ca0zTFZ9ZC3V8d7x4pMaKrnPlXd7pSP5VsfkIC%2FKztbKUrBircoBLOS1AuebukeRYltyPcGmDZnwW%2BEq%2B8S6lkzogGMl72RQJwZQYo98J9JoJ%2FkaSEJEZ0tIiCyuyPs8lFk%2BxUUIrjxQCF2FFWMohc4LhjQlJbzhVnO3SPc%3D#polycard_client=search-nordic&is_advertising=true&searchVariation=MCO44735443&backend_model=search-backend&search_layout=grid&position=56&type=pad&tracking_id=c52d716f-67f7-47a0-b8d3-42415dceb3dd&wid=MCO1555628339&sid=search,https://http2.mlstatic.com/D_Q_NP_2X_795862-MLA88069349761_072025-E.webp
Taladro percutor eléctrico de 13mm Stanley SDH600 600W + accesorio con caja de cartón 60Hz,199.900,,,,Por Ferreteria Hoyostools,https://click1.mercadolibre.com.co/mclics/clicks/external/MCO/count?a=gb2hPBwUpquJFPsrLXjnIMy8kiDkY1yUgJi3oLaoXromNwqoHeVMglvLfdYylUbIVMUIvIfzRxpiOYZxUF4s1jF1Z7qFLa%2FcxTCO%2FEmgwnLHXCcFboUkWH%2FJPvxQ55Y0OUbplrd6Tu%2FqjOni3DZB%2BZCrShT0I6FBG%2FKLFyWUL29%2B3IQkc6uYqqou0CDFA6aXnW5obYctE8rs%2BxlW4KsywFLP4h29Ma1dJN%2BlYVd4JYJv8jbXWAakmnH2bP9WEkjNfuS90Jibcg4FNvwdRv9N3RERlQs4k%2FQQffizDKe7klZTA4LIFpSzr8xlKOnBARhIAnMXE4%2BhpLhBQWBRSDoNtXLktJ9VleIK%2FeXMrAbAXtmJdtvrtrlr3ZoZWpF2fqgtmZOFyo4z%2BlEZwFnLNAN59a5Gb8Fj%2FY7jUdBwtAIM7BINLOwKKWc80lfTIzIEDCny6WUMqcB9kVB0sbxBvhZqGQULM%2Bd28AXmPFeQofP2QmMeKo0mx0qMAfH4ePytwpIliDQ%2FbUS%2FAercdP9Ot8Mq2J%2Fq8am6Q0ChrFW4nQVisNi8dyhcGuAD0DGVvJDVWna%2FueRhdjkh7h4ANf3BuWBcKADwYRW4hDXfrsFMiBAeS3HCQWOIDULV3dRH1hf2m%2FbdOFi5hi%2FPFecrq9z880KE45D8LfCGpC%2FZg1mgS7IExgpSzqSW6tdGeaT7VhvcvQbv3903hxy6661F0LzgfAsTisBgFGDO1qRr8s7JrBwOYMVwX2OO0KVLtg9Paq2U%2BJLd3BIvPoxheDb6%2Fc0blE1fY72RojN8d8bf14SpjgMlk4wrWHABcz%2BEKdahiUFeRaWZnpVlm6yg9fn2hB6W3XbqZuUT9eZf%2FiwPXFAjPd51Nvbp%2Fy1XurMrrLK8qoM%2F8EUIs5XRVQmgAKvBd0Re7Z8g0kqpyKRNtN1LUORuQvoT4w3i1XE4HmOuiJmUZt5LWaK5HVpVJIO%2B8wYlkspCW1fvoB4JdzL5fn1vIjk%3D#polycard_client=search-nordic&is_advertising=true&searchVariation=MCO9365965&backend_model=search-backend&search_layout=grid&position=57&type=pad&tracking_id=c52d716f-67f7-47a0-b8d3-42415dceb3dd&wid=MCO1268305529&sid=search,https://http2.mlstatic.com/D_Q_NP_2X_873898-MLU77277977348_072024-E.webp
