Titulo,Precio,Año,Kilometraje,Ubicacion,Vendedor,Link,Imagen,Combustible,Transmision,Color,Puertas,Descripcion
Pulidora 4 -1/2 650w 12000rpm Black + Decker G650-b3 110,170.850,,,,,https://www.mercadolibre.com.co/pulidora-4-12-650w-12000rpm-black-decker-g650-b3-110/p/MCO25676259#polycard_client=search-nordic&search_layout=grid&position=1&type=product&tracking_id=64ce5b39-9f12-48d9-99a7-825c139a45ce&wid=MCO2182108542&sid=search,https://http2.mlstatic.com/D_Q_NP_2X_924314-MLA84554047560_052025-E.webp,,,,,"MINIPULIDORA 4 -1/2 650W 12000RPM BLACK AND DECKERCARACTERISTICAS- Minipulidora de Disco de 4.1/2"" (114mm) con motor de 650W.- Velocidad en vacío de 12.000RPM.- Eje de 5/8""- Mango lateral de dos posiciones.- Seguro de eje para cambiar los accesorios de manera sencilla.- Mando de goma para un mejor control y comodidad.- Traba de eje.- Interruptor de sellado contra polvo con bloqueo para uso continuo.- Guarda ajustable sin llave.- Caja de engranajes metálicaEspecificaciones del producto-Potencia 650W-Velocidad 12000/min (rpm)-Eje 5/8""-Cable 2 mCARACTERÍSTICAS PRINCIPALES:-Potencia 650W-Velocidad 12000/min (rpm)-Eje 5/8"" - 11/M14-Cable 2 m-Mando de goma para un mejor control y comodidad.-Traba de eje.-Interruptor de sellado contra polvo con bloqueo para uso continuo.-Guarda ajustable sin llave.Peso del paquete: 1.0 kgModelo: G650-B3Color: Naranja con detalles en NegroEAN: 8591152818ASIN: B07CGRPZNJGTIN: 8591152818Requiere baterías: NoSKU: G650-B3"
Pulidora Rotatoria Total 900W Modelo UTG109125565,206.900,,,,Por Belltec,https://www.mercadolibre.com.co/pulidora-rotatoria-total-900w-modelo-utg109125565/p/MCO24691192#polycard_client=search-nordic&search_layout=grid&position=2&type=product&tracking_id=64ce5b39-9f12-48d9-99a7-825c139a45ce&wid=MCO2414743882&sid=search,,,,,,"Con tu pulidora Total podrás pulir salientes o bordes, así como soltar remaches, redondear ángulos, cortar metales, etc. Una herramienta clave para las terminaciones de tus proyectos."
Pulidora 4-1/2 Industrial Total 1100w Utg110125563 Color Turquesa,176.370,,,,,https://www.mercadolibre.com.co/pulidora-4-12-industrial-total-1100w-utg110125563-color-turquesa/p/MCO41659648#polycard_client=search-nordic&search_layout=grid&position=3&type=product&tracking_id=64ce5b39-9f12-48d9-99a7-825c139a45ce&wid=MCO2858727330&sid=search,,,,,,"La Pulidora 4-1/2 Industrial Total UTG110125563 es la herramienta ideal para profesionales y aficionados del bricolaje que buscan un acabado perfecto en sus proyectos. Con una potencia de 1100 W y una velocidad máxima de pulido de 12000 rpm, esta pulidora eléctrica de mano garantiza resultados rápidos y eficientes en una variedad de superficies.Diseñada para ofrecer un manejo cómodo y preciso, su diseño ergonómico permite un uso prolongado sin fatiga. La versatilidad de esta pulidora la convierte en una opción perfecta para trabajos de pulido, lijado y acabado en metal, madera y plástico, adaptándose a las necesidades de cada usuario.La calidad de la marca Total se refleja en la durabilidad y rendimiento de este modelo, asegurando que cada tarea se realice con la máxima eficacia. Ya sea que estés trabajando en un proyecto de renovación en casa o en un entorno industrial, la Pulidora UTG110125563 es una herramienta que no puede faltar en tu equipo."
Pulidora De 7 2200w Stanley Sl227-b3,388.100,,,,Por Ferretería Luis Penagos,https://click1.mercadolibre.com.co/mclics/clicks/external/MCO/count?a=ZKuQ%2BT0mIaC94PlGwoEtnMIZkLBsR2Q0SDKbgVNG%2FacXbOQDhvDiMAZbBy11BrTfv%2BFVTOB0oKDSft7IjnpWz2pDrB4og7rY98T0%2B6c0o7f47x%2BamGhETwD7FgVHQqbVnhphiWk3%2Bl2bNcA%2FyZx7PnR4cP0F0V%2Fbok4RaMeYKrAhkA4TYYlhXBnORuQVnkVrlbYZE7%2FkNacTnFh%2FqC70xUdymYZNrE39VYps%2BTW8%2FxST%2Fwd7Ecc6xsg2ppwZ3JMBsYtfSO25xLmXyvhEIcaf2oJ1NyTZuuM8CVP7PozbfGAWO8ZD0UKePFrhf%2FJWl%2Bk0AJMsPgoFUhGnSNoN6ZuZNRPmayJOnjkBY4cFD5Sb0n8cMhk1U6Pu%2BsOMbfpNtz9Ye6T4D9fIbL%2BzEniEpNbf3ZAwdnT97MuqsBpU3TrSPognphPlZsP2orVn5eH4IqtgH0Hb8WEomogvsRxAMJ9tRrTakZWcjpCSrdCvnbyvwokdeWTq%2B5aBudIaCxokAgtbWgVLAXB00IIYiQAN902Po8aDvOn93q1IYxYLo5X4Rt8RO5n8nQebKJ7XDEH1he%2FZHPztGmY6eZ%2FltihvwuVst4%2B4KYJbMG5BmF32FZz%2BhupIHSG2sW%2F3VQDJxJR8%2F9K7Wn6rUbWz6D64R1YVYyNq1DLE7uzJDlCknGyMTBDU783d7xV0J2GeIkK7qcsicIhZ9nIoR8ePKeM9QTUAZtKuV2p%2B%2FmVbUzenv4jcVl6i356WH6LQbE3r69uS6JerXFO3gEwV3Xt9Vc5QS8nmjlgDrT6LN5C7dPeYl2UecQEX%2Byh2d0SEEP1Ngoqeq2Irw9dNnD8TCEjMM8ohslKXY5N%2Bl1gX9bJviunleXE3MK8zFYfAdgfsssPYSgU1ug2VmSnezm8plKknSoDRyF5lTCn2Yabg%2FOsLUMcY#polycard_client=search-nordic&is_advertising=true&searchVariation=MCO25754519&backend_model=search-backend&search_layout=grid&position=4&type=pad&tracking_id=64ce5b39-9f12-48d9-99a7-825c139a45ce&wid=MCO2906354182&sid=search,,,,,,"Poderoso motor de 2200W para aplicaciones metal mecánicas exigentes.Switch de doble acción para prevenir encendido accidental.Caja de engranajes rotacional para aplicaciones en bordes y esquinas.Interruptor sellado contra polvo.Sistema de expulsión de polvo adecuado para cortes de ladrillos.Acceso rápido para reemplazar las escobillas.Bloqueo de eje para cambio rápido de disco.Sistema de liberación de disco exclusivo.Empuñadura antideslizante y mango auxiliar ergonómico para mayor seguridad.El engranaje en espiral reduce la vibración y el botón de bloqueo permite un trabajo continuo y seguro.Especificaciones técnicas:» Potencia: 2200 W» Velocidad sin carga de 8500 / min. Rpm» Diámetro de Disco: 7pulg (180mm).» Dimensiones: 24 x 12 x 23 cm» Peso: 4,2 Kg."
Pulidora 4-1/2 Industrial Total 1100w Utg110125563 Color Turquesa,176.370,,,,,https://click1.mercadolibre.com.co/mclics/clicks/external/MCO/count?a=pNI5MXYaNWz86t2ChjJRxbJkzRFfx8uLm7L%2BqmxckgJjkSQJNgtqMzf3VDEC53H3HcjqdUBKVpBenE00eM7jfnE1Gp9Y57mqLj7K1E9pecabAovcbkH37kbM6sC8tepFHsu9w3vi1CQtzV%2FMOM%2FLCBm2MTI0i%2ByLwv14yeJP7Qh7P9LHVNO74dqwkxLRy1QvuFexMOh3BDUBrfNguPbsHcOzWPiWIJe1a%2B0VdeFL6SEIuIDkv%2FNFk8zLwYhmc6vcj5gt632PB1hrcEJuiL%2BO1ew%2Bn0dqPjHTARClY%2F%2BYyG3Ng9Urck6d%2FQ0UKoTMQwvTwjKrHVD%2Fd0L7pXpZ60Lu6N%2FmCuyVVvCaGwZhM81OGX3QRjZtcr3DOPM7x3T4ALx1bVu9c7kz6z0MwDPc0ECBF5YPltc8vFBZUCz1L%2Bm9Uu533%2FuruIzMPK8cQqkmPwfT31fHGM6p%2Fs9dRh1bNjoSGPMv2vayl3tJdjcppXz8cGeqmm%2FDARa89spAKe7sG9XAIhr3wvkWuJRcnyPw0kgnobN5KlFLAzxkdm8DYfunlXkDGA7ib45IgO65tp%2BwWsctgMBGoQW74cnR0eYvY2H5QLMeORsRuLIT4n5%2Fn7hzLx%2B8J3Z9LSB5XAUAgKZUd%2FELdreMEKjjJqufZk9N4wL2Ln2c00twBzXlJZ3cFkTqDU29KP97879aS48MmRojNVUMrtsaS7Zt17755U2vsv6RmVzkrR4d%2FXsV064NwOMzWAizcDY%2FClzHGWBS2%2FVFauDTWh2ff2%2Bd31ax%2BoMd3B3BvwsKKBnWnePRU4IRqYgHacWa2I2CICvRJ%2BUyJ0e0uTMsLLm6aBpI5%2Bm%2B54s8Yb15M%2FI1B50PguRZaXyNpDad4dNEmQriHwbFIE0u8TgHyVP2SFHqsoYFiuKJngxjtDJecOWlaYvMaKY7N71LePlG7xgMQKmRAqoAudLtLxbPRaaNkFHqc%2FLg#polycard_client=search-nordic&is_advertising=true&searchVariation=MCO41659648&backend_model=search-backend&search_layout=grid&position=5&type=pad&tracking_id=64ce5b39-9f12-48d9-99a7-825c139a45ce&wid=MCO2858727330&sid=search,https://http2.mlstatic.com/D_Q_NP_2X_648317-MLA79814037915_102024-E.webp,,,,,"La Pulidora 4-1/2 Industrial Total UTG110125563 es la herramienta ideal para profesionales y aficionados del bricolaje que buscan un acabado perfecto en sus proyectos. Con una potencia de 1100 W y una velocidad máxima de pulido de 12000 rpm, esta pulidora eléctrica de mano garantiza resultados rápidos y eficientes en una variedad de superficies.Diseñada para ofrecer un manejo cómodo y preciso, su diseño ergonómico permite un uso prolongado sin fatiga. La versatilidad de esta pulidora la convierte en una opción perfecta para trabajos de pulido, lijado y acabado en metal, madera y plástico, adaptándose a las necesidades de cada usuario.La calidad de la marca Total se refleja en la durabilidad y rendimiento de este modelo, asegurando que cada tarea se realice con la máxima eficacia. Ya sea que estés trabajando en un proyecto de renovación en casa o en un entorno industrial, la Pulidora UTG110125563 es una herramienta que no puede faltar en tu equipo."
Pulidora Angular De 4 1/2 Bosch Gws 850 850w,390.310,,,,,https://click1.mercadolibre.com.co/mclics/clicks/external/MCO/count?a=d8OFcCBCwsiH1G5KgbpfS4gMw4Wq%2BwlhSVrajZ%2BOuKF7UDme9YVS9h%2BqXU3qimtGNHB8GOV7vZtujbctpY70dVcewogKviTLXt3sXrAwhKYUu%2B8KHL%2BAgVC5JAbBndIgS5j65CqUj9M9X97qMJkPl0G94Qbr46nJN7cYI0%2B88NYoXjZ68m5IO0asJKHv618Oc4HflXwleAEzBUV9cYTEm5s2N95I0Bq%2FzPThxhPNSdgStd9wa%2Bvns4seOVwR43vHWXWpp9gj8sq%2B9QH2miIAxHZpD0dswHrEj5qwG6FD7kEzFBACnuWLW1S99bMNbUjhaavssJvIW8XfqRS326C34IOAiC9Pw1%2BN2xIjJVtrMCNfr8XwbCgX5djonZoSwznxyhxNy2IxI8DrUFi2jQhRVr2nyL78JTG%2B%2FFtsvdzKQiKETAD6Lw3YfKmGStlEV1QwUybi8yn%2Favw00aEaghvMES0PCt5lJO%2B9vhefQaKm0%2BYUA%2Bp1EHgEKqCVKkiFz8GAvMmnO6Q7pNGCrv85RwYFZYKgufjtmTfynuzxhXzGlWjoiMTRhkPTlm6A60prjtZduyt2GXGtJe6QezJSPfhi1wOdmpVzoL1s766RQXLmtTKjSNq8E%2BwkJxmfwvO9EWP33NGBXH4w2biFB3o3BzLuaen1az8%2FzB%2BOM8%2FqKtaugKGsu%2F5KqnSbAfEJ4gK%2ByxTMDTYqS5AvEP0Y44C8XwHHTsitXX2bLFymPyG9op6bUwZaX%2BiYx0bfezlLRAlrS%2FlJ8IVmp9i92STeWO3nT%2FWHK9VZxNWMWkhAkhiTp6FLLEYbrPZQlD1xzysGJXq84fh8Q9FvQWADRGiq%2FYzY%2BhXA10ZzkxUgcozIEjcmoT3tfm%2FfZ4XM8RSw4Vg4np9Sm9%2BfeXAmH2c2LWaC0RsmLH%2FmxdSpcxYovW2Pwhko6Kvc#polycard_client=search-nordic&is_advertising=true&searchVariation=MCO25816357&backend_model=search-backend&search_layout=grid&position=6&type=pad&tracking_id=64ce5b39-9f12-48d9-99a7-825c139a45ce&wid=MCO1568351245&sid=search,https://http2.mlstatic.com/D_Q_NP_2X_912260-MLU70862132354_082023-E.webp,,,,,"Con tu pulidora Bosch podrás pulir salientes o bordes, así como soltar remaches, redondear ángulos, cortar metales, etc. Una herramienta clave para las terminaciones de tus proyectos."
Pulidora 4 1/2 Industrial Total UTG10711556 750w Super Select,174.770,,,,Por Ferretería Luis Penagos,https://www.mercadolibre.com.co/pulidora-4-12-industrial-total-utg10711556-750w-super-select/p/MCO27308945#polycard_client=search-nordic&search_layout=grid&position=7&type=product&tracking_id=64ce5b39-9f12-48d9-99a7-825c139a45ce&wid=MCO1510660839&sid=search,https://http2.mlstatic.com/D_Q_NP_2X_652663-MLA84537985542_052025-E.webp,,,,,"PRODUCTO:Nombre: PULIDORA 4 1/2"" INDUSTRIAL TOTAL 750W 120V SUPER SELECTMarca: TotalDESCRIPCIÓN:PULIDORA 4 1/2"" INDUSTRIAL TOTAL 750W 120V SUPER SELECT (UTG10711556)CARACTERISTICAS:•Voltaje: 110-120V~/60Hz•Potencia: 750W•Velocidad sin carga: 12.000 /min•Diámetro de disco: 4-1/2”CARACTERÍSTICAS PRINCIPALES:MÁS DETALLES:Peso del paquete: 1 kgMedidas: 29 cm x 28 cm x 38 cm cmModelo: UTG10711556EAN: 6941639819677GTIN: 6941639819677SKU: 14732"
Pulidora Industrial 4-1/2 PuLG Dewalt Dwe4212-b3,663.708,,,,,https://www.mercadolibre.com.co/pulidora-industrial-4-12-pulg-dewalt-dwe4212-b3/p/MCO21754444#polycard_client=search-nordic&search_layout=grid&position=8&type=product&tracking_id=64ce5b39-9f12-48d9-99a7-825c139a45ce&wid=MCO1329193957&sid=search,https://http2.mlstatic.com/D_Q_NP_2X_853581-MCO41600415054_042020-E.webp,,,,,"Pulidora Dewalt DWE4212 de 4 1/2"" (115mm) a 5"" (125mm) equipada con un motor de 1200W y 11000 RPM para una mayor velocidad de corte o desbaste bajo cargas pesadas de trabajo. Incorpora un sistema de expulsión de polvo que protege al motor de la abrasión, prolongando la vida útil de la herramienta. Diseñada con un cuerpo delgado, mango robusto de 2 posiciones y un interruptor tipo paleta para mayor seguridad y comodidad durante su uso.Características destacadas:- Motor de 1200W - 11000 rpm para un rendimiento superior bajo cargas de trabajo intensas.- Interruptor tipo paleta para mayor control y seguridad.- Sistema de expulsión de polvo que protege el motor y extiende la durabilidad de la herramienta.Detalles adicionales:- Mango de 2 posiciones que ofrece versatilidad y control.- Guarda de seguridad de ajuste rápido 360°.- Diseño ergonómico con una circunferencia compacta de 194mm.Contenido del paquete:- Pulidora Dewalt de 4-1/2"" (115mm)-5"" (125mm)- Llave de Ajuste- Empuñadura Lateral- GuardaEspecificaciones técnicas:- Diámetro: 115 mm / 4 1/2 in- Velocidad sin carga: 11000 RPM- Fuente de alimentación: Alámbrico- Potencia: 1200 W- Peso del producto: 4.6 lbs- Embalaje: Cartón"
Pulidora De 4 ½ 820 W G720 Black Decker,183.500,,,,Por Belltec,https://articulo.mercadolibre.com.co/MCO-508802939-pulidora-de-4-820-w-g720-black-decker-_JM?searchVariation=174495410583#polycard_client=search-nordic&searchVariation=174495410583&search_layout=grid&position=9&type=item&tracking_id=64ce5b39-9f12-48d9-99a7-825c139a45ce,https://http2.mlstatic.com/D_Q_NP_2X_683032-MCO88863857308_082025-E.webp,,,,,"PRODUCTO:Nombre: Pulidora De 4 12 820 W G720 Black + DeckerMarca: Black+deckerDescripción:Pulidora De 4 12 820 W G720 Black + DeckerCaracterísticas- Potente motor de 820W- Traba de eje- Empuñadura lateral de 3 posiciones- Interruptor de sellado contra polvo con bloqueo para uso continuo- Guarda adjustable sin llave- Caja de engranajes metálicaIncluyeEsmeriladora, empuñadura lateral, llave, en caja cartonEspecificaciones- Potencia: 820W- Velocidad: 11000/min (rpm)- Eje. 5/8 11/M14- Cable: 2 metrosCaracterísticas principales:--Potencia: 820W--Velocidad: 11000/min (rpm)--Eje: 5/8'' 11/M14--Cable: 2 metros-- Guarda adjustable sin llave-- Caja de engranajes metálicaMORE DETAILS:Peso del paquete: 1.0 kgMaterial: Poliamida, Metal y ElastómeroModelo: G720Condición: newColor: naranjaNombre del color: naranjaColor secundario: negroEAN: 028877362755ASIN: B08C1XYR9RBaterías incluidas: falseRequiere baterías: falseLargo del cable: 2SKU: G720GRACIAS POR VISITAR SU TIENDA OFICIAL BELLTEC!!!"
Pulidora 4 1/2 Profesional 900w Stanley (stgs9115-b3),315.000,,,,Por Almacenes HJ,https://www.mercadolibre.com.co/pulidora-4-12-profesional-900w-stanley-stgs9115-b3/p/MCO26065047#polycard_client=search-nordic&search_layout=grid&position=10&type=product&tracking_id=64ce5b39-9f12-48d9-99a7-825c139a45ce&wid=MCO1414066245&sid=search,https://http2.mlstatic.com/D_Q_NP_2X_776679-MLU75006847792_032024-E.webp,,,,,"Con tu pulidora Stanley podrás pulir salientes o bordes, así como soltar remaches, redondear ángulos, cortar metales, etc. Una herramienta clave para las terminaciones de tus proyectos."
Polichadora T Liviano Black & Decker Wp900,275.500,,,,Por Belltec,https://www.mercadolibre.com.co/polichadora-t-liviano-black-decker-wp900/p/MCO22880047#polycard_client=search-nordic&search_layout=grid&position=11&type=product&tracking_id=64ce5b39-9f12-48d9-99a7-825c139a45ce&wid=MCO1352617173&sid=search,https://http2.mlstatic.com/D_Q_NP_2X_684602-MLA84542933414_052025-E.webp,,,,,POLICHADORA T LIVIANO BLACK & DECKER WP900CARACTERÍSTICAS- Diseño ergonómico con dos mangos para un manejo cómodo- Capucha aplicadora de espuma para una distribución uniforme de la cera- Capucha pulidora de lana para obtener acabados de alta calidad- Movimiento orbital aleatorio que proporciona un acabado sin marcas de remolinosESPECIFICACIONES TÉCNICAS- Orbitas/min: 4400- Diámetro del disco: 152mm- Longitud del cable: 3m- Potencia: 60wINCLUYE- 1 bonete de espuma- 2 bonetes de lanaCARACTERÍSTICAS DESTACADAS- Diseño de dos mangos para un uso confortable- Capucha aplicadora de espuma para facilitar la aplicación de cera- 4400 órbitas por minuto para un pulido eficiente- Disco de 152mm de diámetro- Cable de 3 metros para mayor alcanceModelo: WP900Color: Naranja con detalles en NegroASIN: B000077CPTGTIN: 028877412825CPU: 028877412825No requiere bateríasSKU: WP900
Mini Pulidora Dewalt Ultradelgada 4-1/2 750w Dwe750-b3,356.900,,,,Por Belltec,https://articulo.mercadolibre.com.co/MCO-1497404265-mini-pulidora-dewalt-ultradelgada-4-12-750w-dwe750-b3-_JM#polycard_client=search-nordic&search_layout=grid&position=12&type=item&tracking_id=64ce5b39-9f12-48d9-99a7-825c139a45ce&wid=MCO1497404265&sid=search,https://http2.mlstatic.com/D_Q_NP_2X_793120-MCO79973691858_102024-E.webp,,,,,"PRODUCTO:Nombre: MINI PULIDORA DEWALT ULTRADELGADA 4-1/2 750W DWE750-B3Marca: DEWALTDESCRIPCIÓN:MINI PULIDORA DEWALT ULTRADELGADA 4-1/2 750W DWE750-B3DESCRIPCIÓNLa Esmeriladora angular DWE4010 de 4 1/2"" (115mm) cuenta con un motor potente y compacto de 750W que ofrece mayor durabilidad y rendimiento. Cuenta con un sistema de ventilación avanzado que proporciona un flujo de aire máximo, evitando el ingreso de polvo, logrando una mayor durabilidad del equipo.CARACTERÍSTICAS- Potente motor de 750W ofrece mayor durabilidad y rendimiento.- Sistema de ventilación avanzado proporciona flujo de aire máximo, prolongando la vida del motor.- Interruptor deslizante de dos movimientos para el manejo y ergonomía mejorada.- Bloqueo del eje para cambios rápidos y fáciles de discos.- Compacta caja de engranajes que permite su uso en espacios reducidos.Incluye(1) Esmeriladora Angular de 4-1/2"" (115mm)(1) Llave de Ajuste(1) Empuñadura Lateral(1) GuardaMÁS DETALLES:Peso del paquete: 2.4 kgModelo: DWE750-B3Condición: NuevoColor: AmarilloNombre de color: AmarilloColor secundario: NegroGTIN: 885911913669CPU: 885911913669SKU: DWE750-B3GRACIAS POR VISITAR SU TIENDA OFICIAL BELLTEC!!!"
Pulidora Angular 4 1/2  540w Makita Mt Verde M0901b,256.500,,,,Por Belltec,https://articulo.mercadolibre.com.co/MCO-1307941469-pulidora-angular-4-12-540w-makita-mt-verde-m0901b-_JM#polycard_client=search-nordic&search_layout=grid&position=13&type=item&tracking_id=64ce5b39-9f12-48d9-99a7-825c139a45ce&wid=MCO1307941469&sid=search,https://http2.mlstatic.com/D_Q_NP_2X_970830-MCO70092393050_062023-E.webp,,,,,"PRODUCTO:Nombre: PULIDORA ANGULAR 4 1/2"" 540W MAKITA MT VERDE M0901BMarca: MAKITADescripción:PULIDORA ANGULAR 4 1/2"" 540W MAKITA MT VERDE M0901BCARACTERISTICASAlto rendimiento y durabilidad a menor costo.Diseñado para aplicaciones de trabajo ligero.Potente motor de 540 W con 12,000 RPM para las aplicaciones más exigentes.Interruptor de seguridad de dos acciones para evitar el bloqueo accidental repentino.Función de bloqueo para operación continua.ESPECIFICACIONESDiámetro de disco: 115 mm (4-1/2)Velocidad sin carga (RPM): 12000Nivel de vibración: Superficie de desbaste :8.0 m/s2Nivel de presión sonora: 90 dB(A)Nivel de potencia sonora: 101 dB(A)Dimensiones (L x A x A): 251x130x106 mm (9-7/8x5-1/8x4-3/16)Peso neto: 1.75 1.81 kg (3.86 3.99 lbs.)Cable de conexión: 2.0 m (6.6 ft)Características principales:-Diámetro de disco: 115 mm (4-1/2)-Velocidad sin carga (RPM): 12000-Nivel de vibración: Superficie de desbaste :8.0 m/s2-Nivel de presión sonora: 90 dB(A)-Nivel de potencia sonora: 101 dB(A)-Dimensiones (L x A x A): 251x130x106 mm (9-7/8x5-1/8x4-3/16)-Peso neto: 1.75 1.81 kg (3.86 3.99 lbs.)-Cable de conexión: 2.0 m (6.6 ft)MORE DETAILS:Peso del paquete: 1.8 kgModelo: M0901BCondición: newColor: azul petroleoNombre del color: azul petroleoColor secundario: negroCPU: 088381729062Requiere baterías: falseLargo del cable: 2SKU: M0901BGRACIAS POR VISITAR SU TIENDA OFICIAL BELLTEC!!!"
Pulidora 4 1/2'' 850w 11000 Rpm Makita M9510b,274.500,,,,Por Belltec,https://articulo.mercadolibre.com.co/MCO-803370052-pulidora-4-12-850w-11000-rpm-makita-m9510b-_JM?searchVariation=180282351837#polycard_client=search-nordic&searchVariation=180282351837&search_layout=grid&position=14&type=item&tracking_id=64ce5b39-9f12-48d9-99a7-825c139a45ce,https://http2.mlstatic.com/D_Q_NP_2X_706549-MCO88810676234_082025-E.webp,,,,,"PRODUCTO:Nombre: PULIDORA 4 1/2'' 850W 11000 RPM MAKITA M9510BMarca: MAKITADescripción:PULIDORA 4 1/2 850W 11000 RPM MAKITA M9510BCARACTERISTICAS- Alto rendimiento y durabilidad a menor costo- Potente motor de 850 W ofrece 11,000 RPM para las aplicaciones más exigentes- Los engranajes cónicos mecanizados brindan una mayor vida útil- Engranajes cónicos espirales para rotaciones más suaves y una transferencia de energía más eficiente- Empuñadura de barril más delgada con fácil agarre y manejo- Compacto y liviano para trabajos de alta producción con menos fatiga- El agarre lateral se coloca en un ángulo aumentado para mayor comodidad y control- Se puede instalar un agarre lateral en cualquier lado de la herramienta para la conveniencia del operador- Interruptor de seguridad de dos acciones para evitar el bloqueo accidental repentino- Función de bloqueo para funcionamiento continuo- La cubierta de la rueda protege al operador contra la dispersión accidental de la rueda rota o la pieza de trabajo con un mínimo movimiento de la cubierta de la rueda- Bloqueo del eje para cambios de rueda fácilesESPECIFICACIONES- Potencia: 850W- Diámetro del Disco: 115 mm (4-1/2)- Velocidad sin carga (rpm): 11.000- Dimensiones (L x L x A): 276 x 130 x 111 mm (10-7/8x 5-1/8x 4-3/8)- Peso: 2,0 kg (4,5 lbs)- Cable de conexión: 2,0 m (6,6 ft)Características principales:-Potencia: 850W-Diámetro del Disco: 115 mm (4-1/2)-Velocidad sin carga (rpm): 11.000-Dimensiones (L x L x A): 276 x 130 x 111 mm (10-7/8x 5-1/8x 4-3/8)-Peso: 2,0 kg (4,5 lbs)-Cable de conexión: 2,0 m (6,6 ft)MORE DETAILS:Peso del paquete: 2.0 kgMedidas: 11 x 9 x 27.5 cmMaterial: Poliamida, Metal y Elastómero.Modelo: M9510BCondición: newColor: azul petroleoNombre del color: azul petroleoColor secundario: negroEAN: 088381729949Baterías incluidas: falseRequiere baterías: falseLargo del cable: 2SKU: M9510BGRACIAS POR VISITAR SU TIENDA OFICIAL BELLTEC!!!"
Polichadora 1400w Industrial Incluye 4 Accesorios Total Utp1,368.900,,,,Por Belltec,https://articulo.mercadolibre.com.co/MCO-2826355202-polichadora-1400w-industrial-incluye-4-accesorios-total-utp1-_JM#polycard_client=search-nordic&search_layout=grid&position=15&type=item&tracking_id=64ce5b39-9f12-48d9-99a7-825c139a45ce&wid=MCO2826355202&sid=search,https://http2.mlstatic.com/D_Q_NP_2X_957033-MCO89534894910_082025-E.webp,,,,,"PRODUCTO:Nombre: POLICHADORA 1400W INDUSTRIAL INCLUYE 4 ACCESORIOS TOTAL UTP11418018Marca: TOTALDescripción:POLICHADORA 1400W INDUSTRIAL INCLUYE 4 ACCESORIOS TOTAL UTP11418018Caracteristicas-Voltaje: 110-120V ~ 50/ 60HZ-Potencia de entrada: 1400W-Velocidad sin carga: 1500-3600rpm-Diámetro de la almohadilla de pulido: 7-Control de velocidad variable.-Estuche de aluminio.-Velcro de respaldo.-1 mango de agarre tipo D-1 almohadilla de pulido.-1 forro de felpa para pulir auto.- 1 set extra de escobillas de carbón.-Empaquetado en caja de color.Ficha TécnicaUsos   Industria AutomotrizIdeal para trabajos de taller automotriz.Control de velocidad variable.Diámetro de la almohadilla de pulido: 7""Certificaciones CECódigo de Barras       6941639866251Código de producto    UTP11418018Color   TurquesaGarantía       1 añoIncluye 1 mango de agarre Tipo D, 1 almohadilla de pulido, 1 forro de felpa para pulir auto, 1 set extra de escobillas de carbón.Peso (Kg)       4.38Tipo    Herramientas Con CableUsos   Industria AutomotrizMORE DETAILS:Peso del paquete: 1.0 kgModelo: UTP11418018Condición: newColor: turquesaNombre del color: turquesaSKU: UTP11418018GRACIAS POR VISITAR SU TIENDA OFICIAL BELLTEC!!!"
Minipulidora 4.1/2 PuLG Makita 840 Watts 11000 Rpm 9557hp,406.900,,,,Por Belltec,https://articulo.mercadolibre.com.co/MCO-491564085-minipulidora-412-pulg-makita-840-watts-11000-rpm-9557hp-_JM#polycard_client=search-nordic&search_layout=grid&position=16&type=item&tracking_id=64ce5b39-9f12-48d9-99a7-825c139a45ce&wid=MCO491564085&sid=search,https://http2.mlstatic.com/D_Q_NP_2X_919934-MCO78736072969_082024-E.webp,,,,,"PRODUCTO:Nombre: MINIPULIDORA 4 1/2 PULG MAKITA 840 WATTS 11000 RPM 9557HPMarca: MAKITADESCRIPCIÓN:PULIDORA 4 1/2 PULG 840W INTERRUPTOR PALETA MAKITA 9557HPCARACTERÍSTICAS- Interruptor Paleta MAKITA 9557HP.- Interruptor ergonómico de paleta.- Cuerpo delgado para una fácil maniobrabilidad con la derecha o izquierda.- Interruptor largo proporciona confort a los dedos.- Botón de bloqueo en el centro del interruptor.ESPECIFICACIONES- Potencia de entrada: 840W. Diámetro de disco: 115mm (4-1/2 pulg)- Velocidad sin carga: 11.000 Rpm.- Dimensiones (L x A x A): 273x129x106mm (10-3/4 x5-1 pulg)- Peso neto: 2,1kg (4,5lbs)- Incluye: Manual Usuario, llave, Tuercas, Empuñadura lateral, Protector de disco.Nota: No incluye discoCARACTERÍSTICAS PRINCIPALES:-Interruptor largo proporciona confort a los dedos.-Botón de bloqueo en el centro del interruptor.-Potencia de entrada: 840W.-Diámetro de disco: 115mm (4-1/2 pulg)-Velocidad sin carga: 11.000 Rpm.MÁS DETALLES:Peso del paquete: 2 kgModelo: 9557HPCondición: NuevoColor: Azul petróleoNombre de color: Azul petróleoColor secundario: NegroEAN: 088381636445GTIN: 088381636445Requiere baterías: NoSKU: 9557HPGRACIAS POR VISITAR SU TIENDA OFICIAL BELLTEC!!!"
Pulidora Angular De 4 1/2 Bosch Gws 850 850w,390.310,,,,Por Bosch Herramientas,https://www.mercadolibre.com.co/pulidora-angular-de-4-12-bosch-gws-850-850w/p/MCO25816357#polycard_client=search-nordic&search_layout=grid&position=17&type=product&tracking_id=64ce5b39-9f12-48d9-99a7-825c139a45ce&wid=MCO1568351245&sid=search,https://http2.mlstatic.com/D_Q_NP_2X_912260-MLU70862132354_082023-E.webp,,,,,"Con tu pulidora Bosch podrás pulir salientes o bordes, así como soltar remaches, redondear ángulos, cortar metales, etc. Una herramienta clave para las terminaciones de tus proyectos."
Pulidora De 7 2200w Stanley Sl227-b3,388.100,,,,Por Ferretería Luis Penagos,https://www.mercadolibre.com.co/pulidora-de-7-2200w-stanley-sl227-b3/p/MCO25754519#polycard_client=search-nordic&search_layout=grid&position=18&type=product&tracking_id=64ce5b39-9f12-48d9-99a7-825c139a45ce&wid=MCO2906354182&sid=search,https://http2.mlstatic.com/D_Q_NP_2X_769375-MLA88627376812_072025-E.webp,,,,,"Poderoso motor de 2200W para aplicaciones metal mecánicas exigentes.Switch de doble acción para prevenir encendido accidental.Caja de engranajes rotacional para aplicaciones en bordes y esquinas.Interruptor sellado contra polvo.Sistema de expulsión de polvo adecuado para cortes de ladrillos.Acceso rápido para reemplazar las escobillas.Bloqueo de eje para cambio rápido de disco.Sistema de liberación de disco exclusivo.Empuñadura antideslizante y mango auxiliar ergonómico para mayor seguridad.El engranaje en espiral reduce la vibración y el botón de bloqueo permite un trabajo continuo y seguro.Especificaciones técnicas:» Potencia: 2200 W» Velocidad sin carga de 8500 / min. Rpm» Diámetro de Disco: 7pulg (180mm).» Dimensiones: 24 x 12 x 23 cm» Peso: 4,2 Kg."
Pulidora 9 Pulgadas Industrial Ga9020,794.900,,,,Por Belltec,https://articulo.mercadolibre.com.co/MCO-450714523-pulidora-9-pulgadas-industrial-ga9020-_JM#polycard_client=search-nordic&search_layout=grid&position=19&type=item&tracking_id=64ce5b39-9f12-48d9-99a7-825c139a45ce&wid=MCO450714523&sid=search,https://http2.mlstatic.com/D_Q_NP_2X_686818-MCO48249016740_112021-E.webp,,,,,"PRODUCTO:Nombre: PULIDORA 9 PULGADAS INDUSTRIAL GA9020Marca: MAKITADescripción:PULIDORA 9 PULGADAS INDUSTRIALCARACTERÍSTICAS GENERALES- Protección contra la perdida de grasa y contra el polvo.- Motor más potente y duradero, inducido protegido mediante barniz en zig, zag y estator completamente protegido.- Empuñadura antideslizante, para mayor control y confort del operador.- Nuevo formato del cabezal, más robusto y duradero con la posibilidad de girarlo cada 90o.- Interruptor grande para manejarlo fácilmente y poderlo accionar con varios dedosESPECIFICACIONES TÉCNICAS- Potencia: 2.200W- Diámetro de disco: 230mm (9 pulg)- Velocidad sin carga: 6.600- Dimensiones (L x A x A): 473 x 249 x 140mm (18-5/8 x 9-3/4 x 5-1/2 pulg)- Peso neto: 5,8kg (12,8lbs)- Empuñadura lateral- Llave de pivotes- Protector de disco 230mm- Brida de sujeción- Tuerca de brida- Doble Aislamiento- Arranque SuaveMORE DETAILS:Peso del paquete: 1.0 kgCondición: newASIN: B000I6QWSASKU: GA9020GRACIAS POR VISITAR SU TIENDA OFICIAL BELLTEC!!!"
Pulidora 4 1/2  1050w Stanley Sgs1045k-b3,359.800,,,,Por Belltec,https://articulo.mercadolibre.com.co/MCO-606431255-pulidora-4-12-1050w-stanley-sgs1045k-b3-_JM#polycard_client=search-nordic&search_layout=grid&position=20&type=item&tracking_id=64ce5b39-9f12-48d9-99a7-825c139a45ce&wid=MCO606431255&sid=search,https://http2.mlstatic.com/D_Q_NP_2X_840397-MCO48250348594_112021-E.webp,,,,,"PRODUCTO:Nombre: PULIDORA 4 1/2'' 1050W STANLEY SGS1045K-B3Marca: STANLEYDescripción:PULIDORA 4 1/2"" 1050W STANLEY SGS1045K-B3CARACTERÍSTICAS- Cuenta con caja de engranajes metálica que aumenta la vida útil del motor.- Diseño ergonómico: se adapta fácilmente a la forma de la mano.- Interruptor Lock-On.- Traba de eje.- Incluye: 1 pulidora, 1 Llave, 1 Guarda, 1 Caja plástica, 2 Discos.ESPECIFICACIONESVelocidad: 11000 rpmPotencia: 1050WTipo de uso: SemiprofesionalDiámetro disco: 4 1/2 pulgadasTipo de trabajo: ProfesionalCaracterísticas principales:-- Velocidad: 11000 rpm-- Potencia: 1050W-- Tipo de uso: Semiprofesional-- Diámetro disco: 4 1/2 pulgadasMORE DETAILS:Peso del paquete: 1.0 kgCondición: newCPU: 885911513937SKU: SGS1045K-B3GRACIAS POR VISITAR SU TIENDA OFICIAL BELLTEC!!!"
Esmeril De Banco 6 PuLG 1/2 Hp Dewalt Dw752-b3,861.800,,,,Por Belltec,https://articulo.mercadolibre.com.co/MCO-450715082-esmeril-de-banco-6-pulg-12-hp-dewalt-dw752-b3-_JM#polycard_client=search-nordic&search_layout=grid&position=21&type=item&tracking_id=64ce5b39-9f12-48d9-99a7-825c139a45ce&wid=MCO450715082&sid=search,https://http2.mlstatic.com/D_Q_NP_2X_889641-MCO48248603670_112021-E.webp,,,,,"PRODUCTO:Nombre: ESMERIL DE BANCO 6 PULG 1/2 HP DEWALT DW752-B3Marca: DEWALT HERRAMIENTASDESCRIPCIÓN:ESMERIL DE BANCO 6 PULG - 1/2 HP 375W DEWALT DW752-B3CARACTERÍSTICAS- Soportes de aluminio maquinados a precisión permiten al usuario posicionar el material de manera estable- Base y motor de hierro fundido proveen mayor durabilidad- Capacidad de motor de 3450 rpm para remover material a alta velocidad- Interruptor protegido bajo goma- Incluye ruedas abrasivas y protectores acrílicosACCESORIOS INCLUIDOS- Ruedas abrasivas- Protectores acrílicosESPECIFICACIONES- Potencia: 1/2 HP- Watts: 375 W- Velocidad Sin Carga: 3450 RPM- Diametro del Eje: 1/2 pulg- Diámetro máximo del disco: 6 pulg- Peso de la Herramienta: 13,8 kgMÁS DETALLES:Peso del paquete: 11.3 kgCondición: NuevoEAN: 028877498645GTIN: 028877498645SKU: DW752GRACIAS POR VISITAR SU TIENDA OFICIAL BELLTEC!!!"
Pulidora Stanley 9 2200 6500rpm,550.000,,,,,https://www.mercadolibre.com.co/pulidora-stanley-9-2200-6500rpm/p/MCO27715496#polycard_client=search-nordic&search_layout=grid&position=22&type=product&tracking_id=64ce5b39-9f12-48d9-99a7-825c139a45ce&wid=MCO2650545972&sid=search,https://http2.mlstatic.com/D_Q_NP_2X_985694-MLU72226963207_102023-E.webp,,,,,"La pulidora Stanley 9 2200 6500rpm es una herramienta de alto rendimiento diseñada para profesionales y entusiastas del bricolaje. Su motor potente de 2200W garantiza una operación eficiente y constante, ideal para trabajos de pulido intensivos. Esta pulidora está equipada con un disco de 9 pulgadas, lo que permite cubrir una amplia superficie en menos tiempo, aumentando así la productividad.Con una velocidad impresionante de 6500 RPM, esta pulidora Stanley ofrece un rendimiento superior y resultados de alta calidad. Su caja de engranajes metálica asegura una mayor durabilidad y resistencia, incluso en las condiciones más exigentes. Además, incorpora un interruptor sellado contra el polvo, lo que protege la máquina y prolonga su vida útil.El modelo STGL2223-B3 de Stanley es sinónimo de confiabilidad y eficiencia. Como parte de la reconocida marca Stanley, esta pulidora combina la tradición de calidad con la innovación tecnológica. Su número de parte es STGL2223-B3, lo que facilita su identificación y pedido. Con la pulidora Stanley 9 2200 6500rpm, obtendrás resultados profesionales en cada uso."
Pulidora 9 Bosch Professional Gws 28-230,1.495.000,,,,Por Ferricentro,https://www.mercadolibre.com.co/pulidora-9-bosch-professional-gws-28-230/p/MCO22738369#polycard_client=search-nordic&search_layout=grid&position=23&type=product&tracking_id=64ce5b39-9f12-48d9-99a7-825c139a45ce&wid=MCO2775914044&sid=search,https://http2.mlstatic.com/D_Q_NP_2X_851440-MLA84847233883_052025-E.webp,,,,,"PULIDORA 9 BOSCH PROFESSIONAL GWS 28-230CARACTERÍSTICAS- La pulidora de 2800W más ligera del mercado con una excelente relación entre potencia y peso.- Alto rendimiento de arranque de material gracias a su motor Bosch de nueva generación, con escobillas de carbono de larga duración y menor desaceleración en trabajos exigentes.- Sistema de flujo de aire patentado que mejora la refrigeración del motor en un 20%, incrementando rendimiento y durabilidad.- Diseñada para reducir la fatiga del usuario con una significativa disminución de las vibraciones.- Agarre ergonómico para un control superior de la herramienta.- Mayor resistencia a la abrasión frente a partículas de hormigón y metal.- Interruptor de paleta (opcional) para una seguridad incrementada.- Facilidad de reparación con piezas intercambiables con futuras versiones de la herramienta.ESPECIFICACIONES- Potencia: 2.800W- Velocidad: 6.500 rpm- Diámetro de disco: 230 mm- Cabezal de pulido, diámetro: 140 mm- Eje: 5/8""- Peso: 5,9 Kg- Dimensiones de herramienta (anchura): 111 mm- Dimensiones de herramienta (longitud): 550 mm- Dimensiones de herramienta (altura): 137 mmNOTA: No incluye disco."
Pulidora Industrial 9 2600w Dewalt Dwe496-b3,1.432.800,,,,Por Belltec,https://www.mercadolibre.com.co/pulidora-industrial-9-2600w-dewalt-dwe496-b3/p/MCO35093408#polycard_client=search-nordic&search_layout=grid&position=24&type=product&tracking_id=64ce5b39-9f12-48d9-99a7-825c139a45ce&wid=MCO1410229455&sid=search,https://http2.mlstatic.com/D_Q_NP_2X_922290-MLU78310617181_082024-E.webp,,,,,"PULIDORA INDUSTRIAL 9"" 2600W DEWALT DWE496-B3CaracterísticasHerramientas eléctricas diseñadas para el entorno laboral, donde se someten a pruebas rigurosas. La pulidora DWE496-B3 es de uso industrial, equipada con motor protegido contra la abrasión, sistema de expulsión de polvo, mango antivibración y gatillo de encendido.Especificaciones- Potencia de 2600 W- 15 Amperios- 6500 Rpm- Eje 5/8"" - 11 TPI- Diámetro disco 9"" (230mm)- Peso 5.4 kgIncluye- Disco- Guarda- Bridas- Llave- EmpuñadoraPeso del paquete: 1.0 kgEAN: 885911548069ASIN: B07M5DV4F8GTIN: 885911548069SKU: DWE496-B3"
Pulidora Angular De 4-1/2 115mm 620w Slim Stanley Sg6115-b3,189.800,,,,Por Belltec,https://articulo.mercadolibre.com.co/MCO-859654651-pulidora-angular-de-4-12-115mm-620w-slim-stanley-sg6115-b3-_JM#polycard_client=search-nordic&search_layout=grid&position=25&type=item&tracking_id=64ce5b39-9f12-48d9-99a7-825c139a45ce&wid=MCO859654651&sid=search,https://http2.mlstatic.com/D_Q_NP_2X_943488-MCO49101278564_022022-E.webp,,,,,"PRODUCTO:Nombre: PULIDORA ANGULAR DE 4-1/2 115MM 620W SLIM STANLEY SG6115-B3Marca: STANLEYDESCRIPCIÓN:PULIDORA ANGULAR DE 4-1/2 115MM 620W SLIM STANLEY SG6115-B3CARACTERISTICAS- Óptima salida de flujo de aire evita que se sobrecaliente el motor.- Botón grande de bloqueo de eje.- Caja de engranajes compacta para operación en espacios reducidos.- Cuerpo delgado de 179 mm de contorno.- Entrada de aire para contener el ingreso de polvo/residuos, asegurando una mayor vida útil del motor.- Interruptor de dos movimiento para deslizar y oprimir para mayor seguridad.- Guarda a prieba de ruptura de disco que ofrece mayor protección y seguridad.ESPECIFICACIONES- Potencia nominal 620W- Tamaño del disco 4-1/2 (115 mm)- Diámetro de eje M14- Velocidad sin carga 12.000/min (rpm)- Contorno del agarre 179 mm- Longitud del cable 82.67 (2100 mm)- Peso 1.7 KG(1) Pulidora 4.1/2 620W, (1) Guarda, (1) Mango Lateral, (1) LlaveMÁS DETALLES:Peso del paquete: 1.0 kgCondición: NuevoGTIN: 885911719445CPU: 885911719445SKU: SG6115-B3GRACIAS POR VISITAR SU TIENDA OFICIAL BELLTEC!!!"
Minipulidora 4 - 1/2 PuLG Dewalt Dwe4315-b3,797.800,,,,Por Belltec,https://articulo.mercadolibre.com.co/MCO-517777592-minipulidora-4-12-pulg-dewalt-dwe4315-b3-_JM#polycard_client=search-nordic&search_layout=grid&position=26&type=item&tracking_id=64ce5b39-9f12-48d9-99a7-825c139a45ce&wid=MCO517777592&sid=search,https://http2.mlstatic.com/D_Q_NP_2X_703517-MCO48249218161_112021-E.webp,,,,,PRODUCTO:Nombre: MINIPULIDORA 4 - 1/2 PULG DEWALT DWE4315-B3Marca: DEWALTDESCRIPCIÓN:MINI PULIDORA 4 - 1/2 PULG 1500 W - 11000 RPM DEWALT DWE4315-B3CARACTERÍSTICAS- Arranque progresivo- Protección contra corte de corriente- Sistema de protección de sobrecarga y temperatura- Sistema de expulsión de polvoESPECIFICACIONES- Potencia: 1500 W- Velocidad: 11000 RPM- Diámetro máximo de disco: 4 - 1/2 pulg- Peso: 2.6 KgNOTA: Accesorios no incluidosCARACTERÍSTICAS PRINCIPALES:-- Potencia: 1500 W-- Velocidad: 11000 RPM-- Diámetro máximo de disco: 4 - 1/2 pulg-- Peso: 2.6 Kg-NOTA: Accesorios no incluidosMÁS DETALLES:Peso del paquete: 2.93 kgCondición: NuevoEAN: 885911475365ASIN: B071S2Y883GTIN: 885911475365SKU: DWE4315-B3GRACIAS POR VISITAR SU TIENDA OFICIAL BELLTEC!!!
Pulidora Gatillo Hombre Muerto Bosch Gws 9-125p,550.700,,,,Por Belltec,https://www.mercadolibre.com.co/pulidora-gatillo-hombre-muerto-bosch-gws-9-125p/p/MCO26432656#polycard_client=search-nordic&search_layout=grid&position=27&type=product&tracking_id=64ce5b39-9f12-48d9-99a7-825c139a45ce&wid=MCO1330709017&sid=search,https://http2.mlstatic.com/D_Q_NP_2X_683537-MLA84834860555_052025-E.webp,,,,,"PULIDORA GATILLO HOMBRE MUERTO BOSCH GWS 9-125PMarca: BOSCHMINIPULIDORA GATILLO HOMBRE MUERTO BOSCH GWS 9-125PCaracterísticas- La Amoladora Angular Bosch GWS 9 -125 P cuenta con 900 Watts de potencia, adecuada para realizar cortes y desbastes en materiales metálicos, como hierro y acero, y también para corte en albañilería y hormigón. Se debe utilizar el accesorio adecuado para cada tipo de aplicación - discos abrasivos o discos diamantados. Dispone de una cubierta de protección de 5"" / 125 milímetros con sistema de fijación por perno que asegura que la cubierta no se desplace en caso de ruptura del disco, proporcionando seguridad al operador. Incluye empuñadura auxiliar y un diseño delgado y redondo para mayor comodidad y trabajos menos fatigosos. El interruptor tipo Padel - paleta (de desconexión automática y con sistema que previene accionamientos involuntarios) en la parte inferior de la herramienta ofrece practicidad y seguridad. Su diseño ergonómico permite trabajos más prolongados y su tamaño compacto facilita su uso en espacios reducidos y de difícil acceso.- 900 Watts de potencia. Cubierta de protección de 5"" / 125 milímetros - con sistema de fijación por tornillo.- Interruptor tipo Padle - paleta (de desconexión automática). Diseño compacto. Carcasa de engranajes en aluminio.Especificaciones- Potencia absorbida: 900W- Velocidad de giro en vacío: 11.000rpm- Diámetro de disco: 125mm- Rosca del husillo portamuela: M 14- Interruptor: PROtection- Dimensiones de herramienta (anchura): 73mm- Dimensiones de herramienta (longitud): 280mm- Dimensiones de herramienta (altura): 100mm- Peso: 1,9kgCARACTERÍSTICAS PRINCIPALES:-- Interruptor: PROtection-- Dimensiones de herramienta (anchura): 73mm-- Dimensiones de herramienta (longitud): 280mm-- Dimensiones de herramienta (altura): 100mm-- Peso: 1,9kgPeso del paquete: 2.6 kgModelo: GWS 9-125 PColor: Azul petróleoEAN: 3165140956642GTIN: 3165140956642Baterías incluidas: NoRequiere baterías: NoLargo del cable: 4SKU: GWS 9-125P"
Pulidora 9 2400 W 6500 Rpm Dewalt Dwe4559-b3,1.273.500,,,,Por ferreteria rhino,https://www.mercadolibre.com.co/pulidora-9-2400-w-6500-rpm-dewalt-dwe4559-b3/p/MCO25676260#polycard_client=search-nordic&search_layout=grid&position=28&type=product&tracking_id=64ce5b39-9f12-48d9-99a7-825c139a45ce&wid=MCO1557547647&sid=search,https://http2.mlstatic.com/D_Q_NP_2X_768787-MLU73563684466_122023-E.webp,,,,,"Con tu pulidora DeWalt podrás pulir salientes o bordes, así como soltar remaches, redondear ángulos, cortar metales, etc. Una herramienta clave para las terminaciones de tus proyectos."
Pulidora Angular De Granito/marmol Makita Pk5011c,2.093.400,,,,Por Belltec,https://www.mercadolibre.com.co/pulidora-angular-de-granitomarmol-makita-pk5011c/p/MCO27035402#polycard_client=search-nordic&search_layout=grid&position=29&type=product&tracking_id=64ce5b39-9f12-48d9-99a7-825c139a45ce&wid=MCO1339416011&sid=search,https://http2.mlstatic.com/D_Q_NP_2X_720173-MLU75650627538_042024-E.webp,,,,,"PULIDORA ANGULAR DE GRANITO/MARMOL MAKITA PK5011CMarca: MAKITA HERRAMIENTASCARACTERÍSTICAS GENERALES- Ideal para un pulido eficiente en piedra.- Empuñadura tipo D que permite operar la herramienta con ambas manos para una operación continua.- Interruptor de gatillo resistente al agua.- Cuatro orificios de suministro de agua distribuyen de manera uniforme la humedad en todos los canales de la almohadilla de pulido, protegiendo del sobrecalentamiento y la acumulación de polvo.ESPECIFICACIONES TÉCNICAS- Potencia de entrada: 1.600W- Diámetro de disco: 125mm (5 pulg)- Velocidad sin carga: 2.000-5.500 rpm- Dimensiones (L x A x A): 468x159x155mm (18-1/2 x6-1/4 x6-1/8 pulg)- Peso neto: 3,8Kg (8,4lbs)Modelo: PK5011CColor: Azul petróleo con detalles en negroGTIN: 088381620543CPU: 088381620543Baterías incluidas: NoRequiere baterías: NoSKU: PK5011C"
Pulidora Bosch Vulcano 180mm 2500w Gws 25-180,1.310.000,,,,Por Ferricentro,https://www.mercadolibre.com.co/pulidora-bosch-vulcano-180mm-2500w-gws-25-180/p/MCO26432666#polycard_client=search-nordic&search_layout=grid&position=30&type=product&tracking_id=64ce5b39-9f12-48d9-99a7-825c139a45ce&wid=MCO2762093858&sid=search,https://http2.mlstatic.com/D_Q_NP_2X_794183-MLA84846744087_052025-E.webp,,,,,"PULIDORA BOSCH VULCANO 180MM 2500W GWS 25-180CARACTERÍSTICAS- Alto rendimiento de arranque de material gracias al motor Bosch, con escobillas de carbono más duraderas y menor deceleración en trabajos exigentes.- Sistema de flujo de aire patentado que mejora en un 20 % la refrigeración del motor, incrementando rendimiento y vida útil.- Reducción de vibraciones para mayor confort durante el uso prolongado.- Agarre ergonómico para un control óptimo de la herramienta.- Resistente a la abrasión por partículas de hormigón y hierro.- Motor Bosch de alta eficiencia con elevada tasa de remoción de material.- Interruptor Tri-Control para prevenir activaciones accidentales.- Diseñada para facilitar la reparación con piezas intercambiables.ESPECIFICACIONES- Potencia: 2.500 W- Velocidad: 8.500 rpm- Eje: 5/8""- Diámetro de disco: 180 mm- Peso: 5,8 kgINCLUYE1 mango antivibración, 1 llave de apriete, 1 tuerca de soporte, 1 tuerca de apriete, 1 capa protectoraCARACTERÍSTICAS PRINCIPALES- Potencia: 2.500 W- Velocidad: 8.500 rpm- Eje: 5/8""- Diámetro de disco: 180 mm- Peso: 5,8 kgMÁS DETALLESPeso del paquete: 6.0 kgModelo: GWS 25-180EAN: 4059952587189GTIN: 4059952587189Requiere baterías: NoSKU: GWS 25-180"
Amoladora De Matriz Inal. Vv 1-1/2 Sin Bateria/sin Cargador,1.137.900,,,,Por Belltec,https://www.mercadolibre.com.co/amoladora-de-matriz-inal-vv-1-12-sin-bateriasin-cargador/p/MCO45524820#polycard_client=search-nordic&search_layout=grid&position=31&type=product&tracking_id=64ce5b39-9f12-48d9-99a7-825c139a45ce&wid=MCO2809929450&sid=search,https://http2.mlstatic.com/D_Q_NP_2X_922221-MLA81980291651_012025-E.webp,,,,,PRODUCTO:Nombre: AMOLADORA DE MATRIZ INAL. VV 1-1/2 SIN BATERIA/SIN CARGADOR DCG426BMarca: DEWALT HERRAMIENTASDESCRIPCIÓN:CARACTERÍSTICAS- El motor sin escobillas no requiere cambios de brocha- El interruptor basculante de velocidad variable y la configuración del interruptor de límite de velocidad variable brindan opciones para controlar la velocidad de la herramienta- Las luces led en la parte delantera de la herramienta brindan luz para la superficie de trabajo y el área- Posición doble el interruptor basculante proporciona opciones de usuario para múltiples puntos de agarre del mango.NOTA: NO INCLUYE CARGADOR NI BATERÍA.CARACTERÍSTICAS PRINCIPALES:-- El motor sin escobillas no requiere cambios de brocha-- El interruptor basculante de velocidad variable y la configuración del interruptor de límite de velocidad variable brindan opciones para controlar la velocidad de la herramienta-- Las luces led en la parte delantera de la herramienta brindan luz para la superficie de trabajo y el áreaMÁS DETALLES:Peso del paquete: 5.2 kgEAN: 885911529488ASIN: B076S9YBMHGTIN: 885911529488Baterías incluidas: NoSKU: DCG426B
Pulidora Bosch Vulcano 180mm Gws 2200-180,755.141,,,,,https://www.mercadolibre.com.co/pulidora-bosch-vulcano-180mm-gws-2200-180/p/MCO26432668#polycard_client=search-nordic&search_layout=grid&position=32&type=product&tracking_id=64ce5b39-9f12-48d9-99a7-825c139a45ce&wid=MCO1568364453&sid=search,https://http2.mlstatic.com/D_Q_NP_2X_634485-MLA84558634400_052025-E.webp,,,,,"PULIDORA BOSCH VULCANO 180MM GWS 2200-180CARACTERÍSTICASLa amoladora de 2200 W más ligera del mercado con una excelente relación entre potencia y peso.ESPECIFICACIONESPotencia: 2.200 WVelocidad: 8.500 rpmEje: 5/8""Diámetro de disco: 180 mmPeso: 4,9 kgINCLUYE:1 mango auxiliar, 1 llave de apriete, 1 tuerca de soporte, 1 tuerca de apriete, 1 tapa protectoraNOTA: No incluye discoCARACTERÍSTICAS PRINCIPALES:- Potencia: 2.200 W- Velocidad: 8.500 rpm- Eje: 5/8""- Diámetro de disco: 180 mm- Peso: 4,9 kgMÁS DETALLES:Peso del paquete: 5.0 kgModelo: GWS 2200-180EAN: 4059952527031GTIN: 4059952527031SKU: GWS 2200-180"
Pulidora Angular 9 PuLG Dewalt Dwe490-b3,946.800,,,,Por Belltec,https://articulo.mercadolibre.com.co/MCO-471534701-pulidora-angular-9-pulg-dewalt-dwe490-b3-_JM#polycard_client=search-nordic&search_layout=grid&position=33&type=item&tracking_id=64ce5b39-9f12-48d9-99a7-825c139a45ce&wid=MCO471534701&sid=search,https://http2.mlstatic.com/D_Q_NP_2X_600548-MCO48249205107_112021-E.webp,,,,,"PRODUCTO:Nombre: PULIDORA ANGULAR 9 PULG DEWALT DWE490-B3Marca: DEWALTDESCRIPCIÓN:PULIDORA ANGULAR 9PULG 2200 W - 6500 RPM DEWALT DWE490-B3CARACTERÍSTICAS- Potente motor protegido contra la abrasión que aumenta su durabilidad- Mango auxiliar de dos posiciones para mayor comodidad- Traba de eje para un sencillo cambio de disco- Ventana para fácil acceso y reemplazo de carbonesACCESORIOS INCLUIDOS- Guarda- Mango auxiliar- DiscoESPECIFICACIONES- Potencia: 2200 W- Amperaje: 15 Amps- Velocidad sin carga: 6500 RPM- Eje: 5/8 pulg- Peso: 5,9 kgCARACTERÍSTICAS PRINCIPALES:-- Potencia: 2200 W-- Amperaje: 15 Amps-- Velocidad sin carga: 6500 RPM-- Eje: 5/8 pulg-- Peso: 5,9 kgMÁS DETALLES:Peso del paquete: 6.44 kgCondición: NuevoEAN: 885911436755ASIN: B071NX82CBGTIN: 885911436755SKU: DWE490-B3GRACIAS POR VISITAR SU TIENDA OFICIAL BELLTEC!!!"
Pulidora Bosch Vulcano 180mm 2800w Gws 28-180,1.501.900,,,,Por Belltec,https://articulo.mercadolibre.com.co/MCO-1033115764-pulidora-bosch-vulcano-180mm-2800w-gws-28-180-_JM#polycard_client=search-nordic&search_layout=grid&position=34&type=item&tracking_id=64ce5b39-9f12-48d9-99a7-825c139a45ce&wid=MCO1033115764&sid=search,https://http2.mlstatic.com/D_Q_NP_2X_655169-MCO69820338177_062023-E.webp,,,,,"PRODUCTO:Nombre: PULIDORA BOSCH VULCANO 180MM 2800W GWS 28-180Marca: BOSCHDESCRIPCIÓN:PULIDORA BOSCH VULCANO 180MM 2800W GWS 28-180CARACTERÍSTICAS- La amoladora de 2500 W más ligera del mercado y con la mejor relación potencia-peso.- Alto rendimiento de arranque de material: el nuevo motor Bosch ofrece el mejor rendimiento de su categoría. Con escobillas de carbono más duraderas y menor deceleración en los trabajos pesados.- Flujo de aire optimizado: sistema de flujo de aire patentado que aumenta en un 20 % la refrigeración del motor, lo que aumenta el rendimiento y la vida útil.- Menos fatiga para el usuario: la reducción de las vibraciones permite sobrellevar más horas de trabajo.- Con un agarre más cómodo que permite controlar mejor la herramienta.- Mayor resistencia a la abrasión: mejor resistencia a la abrasión causada por restos de hormigón y hierro que atraviesan el motor de la máquina.- La placa de características grabada al láser permite una mayor duración y facilita las reparaciones.- Interruptor de paleta (opcional): más versiones con interruptor con función de hombre muerto, para una mayor seguridad del usuario.- De fácil reparación: la mayoría de las piezas de recambio son intercambiables entre la herramienta actual y la nueva familia de próximo lanzamientoESPECIFICACIONES- Potencia: 2.800 W- Velocidad: 8.500 rpm- Eje: 5/8""- Diámetro de disco: 180 mm- Peso: 5 kgNO INCLUYE DISCOCARACTERÍSTICAS PRINCIPALES:-Potencia: 2.800 W-Velocidad: 8.500 rpm-Eje: 5/8""-Diámetro de disco: 180 mm-Peso: 5 kgMÁS DETALLES:Peso del paquete: 5.0 kgModelo: GWS 28-180Condición: NuevoColor: Azul petróleoNombre de color: Azul petróleoEAN: 4059952527260GTIN: 4059952527260Requiere baterías: NoLargo del cable: 2SKU: GWS 28-180GRACIAS POR VISITAR SU TIENDA OFICIAL BELLTEC!!!"
Pulidora Angular 4-1/2 PuLG Makita 9564p,642.400,,,,Por Belltec,https://articulo.mercadolibre.com.co/MCO-531193094-pulidora-angular-4-12-pulg-makita-9564p-_JM#polycard_client=search-nordic&search_layout=grid&position=35&type=item&tracking_id=64ce5b39-9f12-48d9-99a7-825c139a45ce&wid=MCO531193094&sid=search,https://http2.mlstatic.com/D_Q_NP_2X_638231-MCO54717790238_032023-E.webp,,,,,"PRODUCTO:Nombre: PULIDORA ANGULAR 4-1/2 PULG MAKITA 9564PMarca: MAKITADESCRIPCIÓN:PULIDORA ANGULAR 4-1/2 PULG SJS 10AMP 10,500 RPMCARACTERÍSTICAS GENERALES- Interruptor tipo paleta fácil de operar.- El nuevo campo con tecnología de cableado superior, conduce una mayor potencia sin aumento de tamaño del motor.- Engranes y rodamientos más durables.- Diseñado especialmente para un trabajo de todo el día.ESPECIFICACIONES TÉCNICAS- Potencia de entrada: 1.400W- Diámetro del disco: 115mm (4-1/2 pulg)- Velocidad sin carga: 10.500 rpm- Dimensiones (L x A x A): 307x129x103mm (12-1/8 x5-1/8 x4 pulg)- Peso neto: 2,4kg (5,3lbs)- Doble AislamientoCARACTERÍSTICAS PRINCIPALES:-- Potencia de entrada: 1.400W-- Diámetro del disco: 115mm (4-1/2 pulg)-- Velocidad sin carga: 10.500 rpm-- Dimensiones (L x A x A): 307x129x103mm (12-1/8 x5-1/8 x4 pulg)-- Peso neto: 2,4kg (5,3lbs)-- Doble AislamientoMÁS DETALLES:Peso del paquete: 2.7 kgModelo: 9564PCondición: NuevoColor: Azul petróleoNombre de color: Azul petróleoColor secundario: NegroASIN: B00BCV57MMBaterías incluidas: NoRequiere baterías: NoSKU: 9564PGRACIAS POR VISITAR SU TIENDA OFICIAL BELLTEC!!!"
Polichadora De 5 PuLG 900w 700rpm Makita Po5000cx2,1.613.900,,,,Por Belltec,https://www.mercadolibre.com.co/polichadora-de-5-pulg-900w-700rpm-makita-po5000cx2/p/MCO22802490#polycard_client=search-nordic&search_layout=grid&position=36&type=product&tracking_id=64ce5b39-9f12-48d9-99a7-825c139a45ce&wid=MCO1431778903&sid=search,https://http2.mlstatic.com/D_Q_NP_2X_865864-MLA84846513189_052025-E.webp,,,,,"POLICHADORA DE 5 PULG 900W 700RPM MAKITA PO5000CX2Características:- Diámetro de órbita de 7/32 pulg (5.5mm) brinda un acabado libre de marcas espirales- Disco de control de velocidad variable ubicado convenientemente (1,600 - 6,800 OPM) permite al operador igualar la velocidad a la aplicación- Controlador electrónico provee control de velocidad constante que automáticamente aplica potencia adicional al motor para mantener la velocidad bajo carga- Cubiertas de flujo de aire ayudan a prevenir que fibras de madera entren al motor- Agarradera diseñada ergonómicamente brinda control y precisión en una variedad de aplicacionesEspecificaciones:- Potencia de entrada: N/AW- Tamaño de Almohadilla: 5 pulg- Amperaje (Amperios): 7.8- Velocidad sin Carga (Velocidad Variable): 180 - 790 RPM- Órbitas Por Minuto (Velocidad Variable): 0 - 6,800 OPM- Diámetro de orbita: 7/32 pulg- Vibración (m/s2): 4.5- Longitud total: 17-3/4 pulg- Peso neto: 6.2 lbs.- Código UPC: 088381-822893Más detalles:- Peso del paquete: 3 kg- Modelo: PO5000CX2- Color: Azul petróleo- Nombre de color: Azul petróleo- EAN: 088381832649- ASIN: B0731HQV9G- GTIN: 088381832649- Baterías incluidas: No- Requiere baterías: No- SKU: PO5000CX2"
Pulidora 7  2200 W - 8500 Rpm Dewalt Dwe491-b3,925.800,,,,Por Belltec,https://articulo.mercadolibre.com.co/MCO-471534697-pulidora-7-2200-w-8500-rpm-dewalt-dwe491-b3-_JM#polycard_client=search-nordic&search_layout=grid&position=37&type=item&tracking_id=64ce5b39-9f12-48d9-99a7-825c139a45ce&wid=MCO471534697&sid=search,https://http2.mlstatic.com/D_Q_NP_2X_641858-MCO76993338495_062024-E.webp,,,,,"PRODUCTO:Nombre: PULIDORA 7"" 2200 W - 8500 RPM DEWALT DWE491-B3Marca: DEWALTDESCRIPCIÓN:PULIDORA 7"" PROFESIONAL 2200W 8.500 RPM DEWALT DWE491-B3- Potente motor protegido contra la abrasión que aumenta su durabilidad.- Mango auxiliar de dos posiciones para mayor comodidad.- Traba de eje para un sencillo cambio de disco.- Ventana para fácil acceso y reemplazo de carbones.ESPECIFICACIONES- 2.200 Watts. 15 Amps.- Velocidad sin carga 8.500 rpm.- Bloqueo del eje: Sí.- Eje 5/8""- Incluye: Guarda, Mango auxiliar, Disco, llave, Manual de Usuario.CARACTERÍSTICAS PRINCIPALES:-- 2.200 Watts. 15 Amps.-- Velocidad sin carga 8.500 rpm.-- Bloqueo del eje: Sí.-- Eje 5/8""-- Incluye: Guarda, Mango auxiliar, Disco, llave, Manual de UsuarioMÁS DETALLES:Peso del paquete: 6.03 kgCondición: NuevoColor: AmarilloNombre de color: AmarilloEAN: 7707316451603ASIN: B0716TFVB7GTIN: 7707316451603SKU: DWE491-B3GRACIAS POR VISITAR SU TIENDA OFICIAL BELLTEC!!!"
Pulidora Bosch De 4-1/2 900w Velocidad Variable Gws 9-125s,828.900,,,,Por Belltec,https://articulo.mercadolibre.com.co/MCO-1518295337-pulidora-bosch-de-4-12-900w-velocidad-variable-gws-9-125s-_JM#polycard_client=search-nordic&search_layout=grid&position=38&type=item&tracking_id=64ce5b39-9f12-48d9-99a7-825c139a45ce&wid=MCO1518295337&sid=search,https://http2.mlstatic.com/D_Q_NP_2X_736077-MCO81095053320_122024-E.webp,,,,,"PRODUCTO:Nombre: PULIDORA BOSCH DE 4-1/2 900W VELOCIDAD VARIABLE GWS 9-125SMarca: BOSCHDESCRIPCIÓN:PULIDORA BOSCH DE 4-1/2 900W VELOCIDAD VARIABLE GWS 9-125SCaracterísticas-Rápido progreso del trabajo gracias al potente motor de 900 W-Perfecto control de la herramienta gracias al perímetro reducido de la empuñadura y al diseño ergonómico-Selección de velocidad para obtener resultados perfectos en distintos materiales y accesoriosEspecificaciones-Potencia: 900 W-Velocidad: 2.800 11.000 r. p. m.-Potencia útil: 450 W-Rosca del husillo portamuela: 5/8-Ø del disco: 125 mm-Dimensiones de herramienta (anchura): 73 mm-Dimensiones de herramienta (longitud): 280 mm-Dimensiones de herramienta (altura): 100 mm-Peso: 1,9 kg-Interruptor: 2 posiciones-Dimensiones del embalaje (anchura x longitud x altura): 120 x 360 x 120 mm-Rango de tensión: 110vCARACTERÍSTICAS PRINCIPALES:--Potencia: 900 W--Velocidad: 2.800 11.000 r. p. m.--Potencia útil: 450 W--Rosca del husillo portamuela: 5/8--Ø del disco: 125 mm--Dimensiones de herramienta (anchura): 73 mm--Dimensiones de herramienta (longitud): 280 mm--Dimensiones de herramienta (altura): 100 mm--Peso: 1,9 kg--Interruptor: 2 posiciones--Dimensiones del embalaje (anchura x longitud x altura): 120 x 360 x 120 mm--Rango de tensión: 110vMÁS DETALLES:Peso del paquete: 2.4 kgModelo: GWS 9-125 SCondición: NuevoColor: Azul petróleoNombre de color: Azul petróleoColor secundario: PlateadoEAN: 3165140899291GTIN: 3165140899291Baterías incluidas: NoRequiere baterías: NoSKU: GWS 9-125SGRACIAS POR VISITAR SU TIENDA OFICIAL BELLTEC!!!"
Pulidora Inalambrica Stanley 4 1/2 2 Bat De 4ah Scg400m2k-b3,1.069.800,,,,Por Belltec,https://articulo.mercadolibre.com.co/MCO-2604076766-pulidora-inalambrica-stanley-4-12-2-bat-de-4ah-scg400m2k-b3-_JM#polycard_client=search-nordic&search_layout=grid&position=39&type=item&tracking_id=64ce5b39-9f12-48d9-99a7-825c139a45ce&wid=MCO2604076766&sid=search,https://http2.mlstatic.com/D_Q_NP_2X_904034-MCO78070233436_082024-E.webp,,,,,"PRODUCTO:Nombre: PULIDORA INALAMBRICA STANLEY 4 1/2 2 BAT DE 4AH SCG400M2K-B3Marca: STANLEY HERRAMIENTA ELECTRICADESCRIPCIÓN:COMBO DE PULIDORA INALAMBRICA STANLEY DE 4 1/2 CON 2 BAT DE 4AH Y CARGADOR SCG400M2K-B3CARACTERÍSTICAS- Mango lateral de 3 posiciones (con porta llave). Permite una posición adecuada para las aplicaciones más difíciles. Mayor comodidad y seguridad del usuario.- Interruptor con bloqueo de seguridad evita una puesta en marcha involuntaria, para mayor seguridad del usuario.- Bloqueo de eje, fácil intercambio de accesorios.-Batería v20 de ión de litio.- Potente motor, mayor rendimiento y eficiencia.- Caja de engranajes de aluminio, para mayor vida útil.- Diseño ergonómico y ligero, para mayor comodidad.- Guarda sin llave, ajuste rápido de acuerdo a la aplicación de corte o desbaste.Incluye(1) Esmeriladora angular inalámbrica V20 de 4 12 pulg. (115mm) (SCG400)(2) Baterías 4 Ah (SB204)(1) Cargador 2 A (SC200)(1) MaletaESPECIFICACIONES- Interruptor de bloqueo activado: Sí- Diámetro del disco: 4.1/2""- Voltaje de la batería: 20 V- Capacidad de la batería: 4 Ah- Velocidad sin carga (RPM): 0 - 9,000- Embalaje: Caja de plásticoMÁS DETALLES:Peso del paquete: 2.0 kgModelo: SCG400M2K-B3Condición: NuevoColor: AmarilloNombre de color: AmarilloColor secundario: NegroGTIN: 885911788496CPU: 885911788496SKU: SCG400M2K-B3GRACIAS POR VISITAR SU TIENDA OFICIAL BELLTEC!!!"
Minipulidora 4.1/2 PuLG Makita 840 Watts 11000 Rpm 9557hn,439.200,,,,Por Belltec,https://articulo.mercadolibre.com.co/MCO-491291079-minipulidora-412-pulg-makita-840-watts-11000-rpm-9557hn-_JM#polycard_client=search-nordic&search_layout=grid&position=40&type=item&tracking_id=64ce5b39-9f12-48d9-99a7-825c139a45ce&wid=MCO491291079&sid=search,https://http2.mlstatic.com/D_Q_NP_2X_942868-MCO48257557041_112021-E.webp,,,,,"PRODUCTO:Nombre: MINIPULIDORA 4.1/2 PULG MAKITA 840 WATTS 11000 RPM 9557HNMarca: MAKITA HERRAMIENTASDESCRIPCIÓN:CARACTERISTICAS- Motor de gran eficiencia suficiente para corte en concreto y alta resistencia al calor.- Construcción de laberinto protege todos los rodamientos del polvo y restos.- Cuerpo de pequeña circunferencia para una fácil manipulación.- Bloqueo del eje para un fácil cambio de disco.- Fácil reparación de la sección de engranes con una llave.ESPECIFICACIONES- Potencia: 840W- Diámetro de disco: 115mm (4-1/2 pulg)- Velocidad sin carga: 11000- Dimensiones (L x A x A): 271x129x106mm (10-5/8 x5-1/8 x4-3/16 pulg)- Peso neto: 2,0kg (4,5lbs)MÁS DETALLES:Peso del paquete: 1.0 kgCondición: NuevoEAN: 8838163624GTIN: 8838163624SKU: 9557HNGRACIAS POR VISITAR SU TIENDA OFICIAL BELLTEC!!!"
Pulidora Industrial 9 PuLG Dewalt Dwe4579-b3,1.382.800,,,,Por Belltec,https://articulo.mercadolibre.com.co/MCO-471534708-pulidora-industrial-9-pulg-dewalt-dwe4579-b3-_JM#polycard_client=search-nordic&search_layout=grid&position=41&type=item&tracking_id=64ce5b39-9f12-48d9-99a7-825c139a45ce&wid=MCO471534708&sid=search,https://http2.mlstatic.com/D_Q_NP_2X_697610-MCO48764948573_012022-E.webp,,,,,"PRODUCTO:Nombre: PULIDORA INDUSTRIAL 9 PULG DEWALT DWE4579-B3Marca: DEWALT HERRAMIENTASDESCRIPCIÓN:PULIDORA INDUSTRIAL 9 PULG 2700 W - 6500 RPM DEWALT DWE4579-B3CARACTERÍSTICAS- Potente Motor de 2700W que entrega mayor velocidad y potencia hasta en las aplicaciones más duras- Guarda sin llave que permite cambios y movimientos en forma más fácil- Caja de engranajes de bajo perfil que permite al usuario trabajar en lugares estrechos- Cable ultra resistente que previene roturas del cable por tirones- Gatillo de seguridad de dos pasos que disminuye el riesgo de encendido accidentales- Mango anti-vibración de tres posiciones que provee al usuario diferentes opciones a la hora de trabajar reduciendo la vibración- Indicador LED de sobre carga que advierte al usuario una sobre carga de la herramienta- Tapa removible que facilita el acceso a los carbonesESPECIFICACIONES- Potencia: 2400 W- Velocidad sin carga: 6500 RPM- Diámetro máximo del disco: 9 pulg- Gatillo Lock Off: Sí- Peso: 5,2 kgCARACTERÍSTICAS PRINCIPALES:-- Potencia: 2400 W-- Velocidad sin carga: 6500 RPM-- Diámetro máximo del disco: 9 pulg-- Gatillo Lock Off: Sí-- Peso: 5,2 kgMÁS DETALLES:Peso del paquete: 7.4 kgCondición: NuevoEAN: 885911294829GTIN: 885911294829SKU: DWE4579-B3GRACIAS POR VISITAR SU TIENDA OFICIAL BELLTEC!!!"
Esmeril De Banco 8 PuLG 3/4 Hp Dewalt Dw758,1.659.800,,,,Por Belltec,https://articulo.mercadolibre.com.co/MCO-450714003-esmeril-de-banco-8-pulg-34-hp-dewalt-dw758-_JM#polycard_client=search-nordic&search_layout=grid&position=42&type=item&tracking_id=64ce5b39-9f12-48d9-99a7-825c139a45ce&wid=MCO450714003&sid=search,https://http2.mlstatic.com/D_Q_NP_2X_714948-MCO48248603505_112021-E.webp,,,,,PRODUCTO:Nombre: ESMERIL DE BANCO 8 PULG 3/4 HP DEWALT DW758Marca: DEWALT HERRAMIENTASDESCRIPCIÓN:ESMERIL DE BANCO 8 PULG - 3/4 HP DEWALT DW758CARACTERÍSTICAS- Motor de inducción de 3/4 HP para aplicaciones de esmerilado Industriales- Base y motor de hierro fundido proveen mayor durabilidad- Soportes de aluminio maquinados a precisión permiten al usuario posicionar el trabajo de manera estable- Guarda que hace el escape trasero de las chispas para una mejor visibilidad del operador- Distancia de 12-1/2 pulg entre los discos para aplicaciones de esmerilado con mayor capacidadACCESORIOS INCLUIDOS- Rueda con grano abrasivo de 36- Rueda con grano abrasivo de 60- Deflector de chispas- Soporte- Llave de ajusteESPECIFICACIONES- Potencia: 3/4 HP- Velocidad: 3600 RPM- Diámetro máximo del disco: 8pulg - 203 mm- Eje: 5/8 pulg- Peso: 18 kgCARACTERÍSTICAS PRINCIPALES:-- Potencia: 3/4 HP-- Velocidad: 3600 RPM-- Diámetro máximo del disco: 8pulg - 203 mm-- Eje: 5/8 pulg-- Peso: 18 kgMÁS DETALLES:Peso del paquete: 16.98 kgCondición: NuevoEAN: 028875075800ASIN: B0000224J4GTIN: 028875075800SKU: DW758GRACIAS POR VISITAR SU TIENDA OFICIAL BELLTEC!!!
Pulidora 4-1/2 1700w Dewalt Dwe4324-b3,1.297.800,,,,Por Belltec,https://articulo.mercadolibre.com.co/MCO-578205195-pulidora-4-12-1700w-dewalt-dwe4324-b3-_JM#polycard_client=search-nordic&search_layout=grid&position=43&type=item&tracking_id=64ce5b39-9f12-48d9-99a7-825c139a45ce&wid=MCO578205195&sid=search,https://http2.mlstatic.com/D_Q_NP_2X_920769-MCO48250175107_112021-E.webp,,,,,"PRODUCTO:Nombre: PULIDORA 4-1/2 1700W DEWALT DWE4324-B3Marca: DEWALTDESCRIPCIÓN:PULIDORA 4-1/2 1700W DEWALT DWE4324-B3Características- Motor de última generación.- Sistema mejorado de expulsión de polvo.- El cuerpo mas delgado del mercado.- Sistema de ventilación mejorado.- Mango antivibración.EspecificacionesLargo Total: 11-1/2""Peso: 2.50 kgPotencia: 1,700 WVelocidad: 11,000 RPMEje: 5/8""Medida Disco: 4-1/2""MÁS DETALLES:Peso del paquete: 1.0 kgCondición: NuevoSKU: DWE4324-B3GRACIAS POR VISITAR SU TIENDA OFICIAL BELLTEC!!!"
Pulidora Bosch Vulcano 230mm Gws 2200-230,856.600,,,,Por Belltec,https://articulo.mercadolibre.com.co/MCO-1033113550-pulidora-bosch-vulcano-230mm-gws-2200-230-_JM#polycard_client=search-nordic&search_layout=grid&position=44&type=item&tracking_id=64ce5b39-9f12-48d9-99a7-825c139a45ce&wid=MCO1033113550&sid=search,https://http2.mlstatic.com/D_Q_NP_2X_700711-MCO69820337867_062023-E.webp,,,,,"PRODUCTO:Nombre: PULIDORA BOSCH VULCANO 230MM GWS 2200-230Marca: BOSCHDESCRIPCIÓN:PULIDORA BOSCH VULCANO 180MM GWS 2200-230CARACTERÍSTICASLa amoladora de 2200 W más ligera del mercado y con la mejor relación potencia-peso.ESPECIFICACIONESPotencia: 2.200 WVelocidad: 6.500 rpmEje: 5/8""Diámetro de disco: 230 mmPeso: 4,9 kgINCLUYE:1 mango auxiliar, 1 llave de apriete, 1 tuerca de soporte, 1 tuerca de apriete, 1 tapa protectoraNOTA: No incluye discoCARACTERÍSTICAS PRINCIPALES:-Potencia: 2.200 W-Velocidad: 6.500 rpm-Eje: 5/8""-Diámetro de disco: 230 mm-Peso: 4,9 kgMÁS DETALLES:Peso del paquete: 5.0 kgModelo: GWS 2200-230Condición: NuevoEAN: 4059952527109GTIN: 4059952527109Requiere baterías: NoSKU: GWS 2200-230GRACIAS POR VISITAR SU TIENDA OFICIAL BELLTEC!!!"
Rebordeadora 6mm 1/4 PuLG 530w Makita Mt M3700b,335.000,,,,Por Belltec,https://www.mercadolibre.com.co/rebordeadora-6mm-14-pulg-530w-makita-mt-m3700b/p/MCO22190041#polycard_client=search-nordic&search_layout=grid&position=45&type=product&tracking_id=64ce5b39-9f12-48d9-99a7-825c139a45ce&wid=MCO1369563598&sid=search,https://http2.mlstatic.com/D_Q_NP_2X_671143-MLA79463082965_092024-E.webp,,,,,"REBORDEADORA 6MM 1/4 PULG 530W MAKITA MT M3700BCARACTERÍSTICAS GENERALES- Base transparente que proporciona excelente visibilidad de los bits y alta maniobrabilidad.- El protector de cable montado en la parte superior evita que el cable de alimentación se obstruya durante el funcionamiento.- Agarre suave que facilita el manejo y la operación cómoda.- Fácil ajuste de la profundidad mediante la perilla de ajuste situada en la parte frontal de la carcasa, utilizando la escala de profundidad se puede determinar la profundidad correcta rápida y fácilmente.- El cable de alimentación montado en la parte superior no estorba para facilitar la operación.- Diseño delgado con agarre de goma para mayor comodidad.- Diseño de cuerpo delgado y ergonómico para mayor comodidad y control.- Compacto con menos peso.ESPECIFICACIONES TÉCNICAS- Potencia: 530w- Velocidad sin carga: 35.000 RPM- Profundidad de corte: 42mm- Capacidad de Collet: 1/4 pulg- Dimensiones: 82x90x199mm- Peso neto: 1,4KG- Cable de conexión: 2.0mIncluye: Manual Usuario. Guia Recta. Guia corte. Fresa Recta.CARACTERÍSTICAS PRINCIPALES:- Fácil ajuste de la profundidad mediante la perilla de ajuste situada en la parte frontal de la carcasa, utilizando la escala de profundidad se puede determinar la profundidad correcta rápida y fácilmente.- El cable de alimentación montado en la parte superior no estorba para facilitar la operación.- Diseño delgado con agarre de goma para mayor comodidad.- Diseño de cuerpo delgado y ergonómico para mayor comodidad y control.- Compacto con menos peso.ESPECIFICACIONES DEL PRODUCTO- Material: Metal plástico- Modelo: M3700B- Color: Azul petróleo- Color secundario: Negro- Largo del cable: 2- SKU: M3700B"
Taladro percutor atornillador inalámbrico de 13mm DeWalt Dcd7781d1-Br + accesorio,519.800,,,,Por Belltec,https://www.mercadolibre.com.co/taladro-percutor-atornillador-inalambrico-de-13mm-dewalt-dcd7781d1-br-accesorio/p/MCO44735443#polycard_client=search-nordic&search_layout=grid&position=46&type=product&tracking_id=64ce5b39-9f12-48d9-99a7-825c139a45ce&wid=MCO1555628339&sid=search,https://http2.mlstatic.com/D_Q_NP_2X_795862-MLA88069349761_072025-E.webp,,,,,"PRODUCTO:Nombre: TALADRO PERCUTOR 1/2 20V BATERIA CARGA DEWALT DCD7781D1-B3Marca: DEWALTDESCRIPCIÓN:TALADRO PERCUTOR ATORNILLADOR 1/2 20v 1 BATERIA + CARGADOR DCD7781 DEWALTCon más poder, compacto y liviano, el Taladro Percutor/Atornillador Inalámbrico de 20V MAX* DEWALT, cuenta con Tecnología sin Carbones (BRUSHLESS), que le otorga a la herramienta una mayor eficiencia, que se traduce en más tiempo de uso y requiere menos mantenimiento.CARACTERISTICASBatería de 2.0 AhMotor sin escobillas (sin escobillas de carbón)Mandril de ajuste rápidoInterruptor de velocidad variableDiseño compacto y ligeroLuz LEDESPECIFICACIONESVoltaje: 20 VVelocidad: 0-500 / 0-1750 RPMPar de torsión: 65 NmMandril: 13 mmCapacidad: Madera (25 mm) Metal (13 mm) Hormigón (6,5 mm)Impactos por minuto: 0-8500 / 0-29750 IPMCARACTERÍSTICAS PRINCIPALES:-Batería de 2.0 Ah-Motor sin escobillas (sin escobillas de carbón)-Mandril de ajuste rápido-Interruptor de velocidad variable-Diseño compacto y ligero-Luz LEDMÁS DETALLES:Peso del paquete: 1.0 kgModelo: DCD7781D1-B3Color: AmarilloNombre de color: AmarilloEAN: 885911759717GTIN: 885911759717CPU: 885911759717SKU: DCD7781D1-B3"
Sierra De Mesa/banco Bosch Gts 254 1800w + Disco 0601b450g0,1.249.900,,,,Por Belltec,https://www.mercadolibre.com.co/sierra-de-mesabanco-bosch-gts-254-1800w-disco-0601b450g0/p/MCO26604666#polycard_client=search-nordic&search_layout=grid&position=47&type=product&tracking_id=64ce5b39-9f12-48d9-99a7-825c139a45ce&wid=MCO1346486901&sid=search,https://http2.mlstatic.com/D_Q_NP_2X_664638-MLA84543638534_052025-E.webp,,,,,"SIERRA DE MESA/BANCO BOSCH GTS 254 1800W + DISCO 0601B450G0La Sierra de Mesa/Banco Bosch GTS 254 está diseñada para trabajar en aplicaciones exigentes gracias a su alto torque del motor y capacidad de sobrecarga, lo que facilita cortes en materiales resistentes. Esta herramienta es robusta y realiza cortes precisos con su mesa de acero de 35 mm de espesor y 1.001 de planitud, proporcionando estabilidad y precisión. Cuenta con una base de corte amplia, con extensión de mesa de 265 mm, que ofrece mayor soporte durante el corte. Incluye una mesa y 1 disco de 80 dientes, 1 guía para corte en ángulo, 1 llave de apriete/cambio de accesorio y 1 regla paralela. Con 1800W de potencia y alta capacidad de corte, es adecuada para profesionales como carpinteros, instaladores de pisos laminados, ebanistas y contratistas.CARACTERÍSTICAS:- Voltaje: 127 V- Potencia de la herramienta (W): 1800- Diámetro del disco de sierra (mm): 254- Velocidad (rpm): 4.300- Tamaño de la mesa (mm): 555 x 555- Capacidad de corte en 90°: 80 mm- Capacidad de corte en 45°: 55 mm- Longitud del cable (m): 2- Recomendación de uso: Cortes en maderas y plásticos- Dimensiones del producto (cm): 100 alto x 69 ancho x 62 largo- Tipo de embalaje: Caja de cartónINCLUYE: 1 Sierra de Mesa/Banco GTS 254, 1 disco de 80 dientes, 1 guía para corte en ángulo, 1 llave de apriete y cambio de accesorio, 1 regla paralela y 1 manual de instruccionesMODELO DEL PRODUCTO: 0.601.B45.0G0-000Peso del paquete: 24,4 KgEAN: 4053423223538SKU: GTS 254Color: Azul petróleoRequiere baterías: No"
Lijadora Orbital Black & Decker Bs200-b3 Color Naranja,160.400,,,,Por Belltec,https://www.mercadolibre.com.co/lijadora-orbital-black-decker-bs200-b3-color-naranja/p/MCO24524709#polycard_client=search-nordic&search_layout=grid&position=48&type=product&tracking_id=64ce5b39-9f12-48d9-99a7-825c139a45ce&wid=MCO1318278971&sid=search,https://http2.mlstatic.com/D_Q_NP_2X_653842-MLA84547561956_052025-E.webp,,,,,"Hablar de trayectoria es hacer referencia a Black+Decker, empresa líder en el rubro. Su amplia gama de productos incluye opciones para el hogar y la industria que puedes elegir según tus necesidades.Practicidad y versatilidad en una sola herramientaCon la lijadora Black+Decker BS200-B3 lograrás trabajos con un acabado más fino y llegarás a lugares estrechos y de difícil acceso. Una herramienta compacta, versátil y con un diseño ergonómico, que te proporciona más control y comodidad. ¡Es ideal si tu actividad principal es la carpintería!"
Sierra Circular 1400w + Disco Black & Decker Cs1004-b3,374.400,,,,Por Belltec,https://www.mercadolibre.com.co/sierra-circular-1400w-disco-black-decker-cs1004-b3/p/MCO19733608#polycard_client=search-nordic&search_layout=grid&position=49&type=product&tracking_id=64ce5b39-9f12-48d9-99a7-825c139a45ce&wid=MCO1116368680&sid=search,https://http2.mlstatic.com/D_Q_NP_2X_874319-MLA88847382985_072025-E.webp,,,,,"SIERRA CIRCULAR 1400W + DISCO BLACK & DECKER CS1004-B3CARACTERÍSTICAS- 1400W de potencia para variedad de cortes- Guía paralela para mayor precisión- Traba de eje para facilitar el cambio de disco- Cuchilla y LlaveESPECIFICACIONES TÉCNICAS- Potencia: 1400W- Velocidad: 5300/min (rpm)- Diámetro de disco: 7-1/4 pulg (184mm)- Ángulo de bisel: 45°- Profundidad máxima: 62mm (2,4mm)- Largo del cable: 1,8m (6)INCLUYE- (1) Sierra circular, (1) disco de corte y (1) guía paralelaCARACTERÍSTICAS PRINCIPALES:- Potencia: 1400W- Velocidad: 5300/min (rpm)- Diámetro de disco: 7-1/4 pulg (184mm)- Ángulo de bisel: 45°- Profundidad máxima: 62mm (2,4mm)- Largo del cable: 1,8m (6)Peso del paquete: 1.0 kgModelo: CS1004-B3ASIN: B08C21Y2S8GTIN: 885911487603CPU: 885911487603Requiere baterías: NoLargo del cable: 1.8Contenido del paquete: Sierra circular, disco de 18 dientes, guía paralelaSKU: CS1004-B3"
Compresor Mini 140psi Total Para Carro (ttac1406) Color Turquesa,129.900,,,,Por Belltec,https://www.mercadolibre.com.co/compresor-mini-140psi-total-para-carro-ttac1406-color-turquesa/p/MCO15263523#polycard_client=search-nordic&search_layout=grid&position=50&type=product&tracking_id=64ce5b39-9f12-48d9-99a7-825c139a45ce&wid=MCO1560981537&sid=search,https://http2.mlstatic.com/D_Q_NP_2X_773632-MLA84858126265_052025-E.webp,,,,,"El Compresor Mini 12V 140PSI Total para Carro (TTAC1406) es la herramienta ideal para mantener tus neumáticos en óptimas condiciones. Con un caudal de aire de 35 l/min, este compresor portátil y mini es perfecto para automotores, garantizando un inflado rápido y eficiente. Su diseño compacto, con dimensiones de 16.5 cm de largo, 7 cm de ancho y 14 cm de altura, facilita su transporte y almacenamiento. Incluye accesorios prácticos como una luz LED, un cable de 3 metros, un encendedor y un juego de clips para batería, además de cuatro picos adaptadores para diferentes válvulas. Con una presión máxima de 9.653 bar y un tanque de 1 L, este compresor es potente y versátil. Su sistema de pistón asegura un rendimiento confiable, mientras que su alimentación eléctrica y por batería lo hace aún más conveniente. ¡No te quedes sin aire, adquiere el tuyo hoy!"
Esmeril De Banco Electrico 6 150w Total Utbg15015,195.900,,,,Por Belltec,https://www.mercadolibre.com.co/esmeril-de-banco-electrico-6-150w-total-utbg15015/p/MCO34719972#polycard_client=search-nordic&search_layout=grid&position=51&type=product&tracking_id=64ce5b39-9f12-48d9-99a7-825c139a45ce&wid=MCO1408024785&sid=search,https://http2.mlstatic.com/D_Q_NP_2X_924878-MLA85960541363_062025-E.webp,,,,,"El Esmeril De Banco Eléctrico 6"" 150W TOTAL UTBG15015 es una herramienta esencial para cualquier taller o garaje. Con una potencia de 150W y una velocidad máxima de 3450rpm, este esmeril de banco es ideal para una amplia gama de aplicaciones, incluyendo trabajos en metal, concreto, cerámica, piedra y madera. Su base de aluminio es resistente y ajustable, asegurando estabilidad y precisión en cada uso. La medida de la rueda esmeriladora es de 150 mm (6""), perfecta para proyectos de tamaño mediano. Este modelo UTBG15015 de la marca TOTAL, reconocida por su calidad y durabilidad, viene en un atractivo color turquesa y cuenta con un peso de 5.7 Kg, lo que facilita su manejo y transporte. Aunque no es una mini esmeriladora ni inalámbrica, su diseño incluye un protector para ojos y almacenamiento de herramientas, lo que garantiza seguridad y organización en el espacio de trabajo. Este esmeril de banco no incluye un mango lateral, pero su diseño ergonómico permite un manejo cómodo y eficiente."
